SURFACE_TEMP,BASE_TEMP,Modulus_L2,Modulus_L3,Modulus_L5,PEAK_DEFL_1,PEAK_DEFL_2,PEAK_DEFL_3,PEAK_DEFL_4,PEAK_DEFL_5,PEAK_DEFL_6,PEAK_DEFL_7,THICKNESS_LAYER1,THICKNESS_LAYER2,THICKNESS_LAYER3
74.69999695,72.90000153,629,1640,500,72,46,41,39,37,33,27,9.3,14.6,8
74.69999695,72.90000153,629,1640,500,72,46,41,39,37,33,27,9.3,14.6,8
74.69999695,72.90000153,629,1640,500,72,46,41,39,37,33,27,9.3,14.6,8
74.69999695,72.90000153,1353,640,500,71,45,40,38,37,33,27,9.3,14.6,8
74.69999695,72.90000153,2842,10,500,87,50,45,44,43,37,29,9.3,14.6,8
74.69999695,72.90000153,2480,10,500,87,50,45,44,42,37,28,9.3,14.6,8
74.69999695,72.90000153,2927,10,500,88,52,47,46,45,39,31,9.3,14.6,8
74.69999695,72.90000153,4058,10,500,119,51,43,41,38,36,28,9.3,14.6,8
74.69999695,72.90000153,4310,12,500,114,50,43,39,38,35,28,9.3,14.6,8
74.69999695,72.90000153,327,384,500,105,65,55,51,46,39,30,9.3,14.6,8
74.69999695,72.90000153,412,241,500,105,64,54,51,46,38,29,9.3,14.6,8
74.69999695,72.90000153,412,241,500,103,64,54,50,45,39,29,9.3,14.6,8
74.69999695,72.90000153,325,509,500,104,65,56,51,46,41,31,9.3,14.6,8
74.69999695,72.90000153,464,421,500,74,58,48,47,44,38,30,9.3,14.6,8
74.69999695,72.90000153,545,320,500,74,56,48,46,44,38,29,9.3,14.6,8
74.69999695,72.90000153,724,317,500,74,56,47,46,44,38,30,9.3,14.6,8
74.69999695,72.90000153,750,319,500,75,56,47,46,44,38,30,9.3,14.6,8
74.69999695,72.90000153,480,69,500,103,68,59,54,51,41,30,9.3,14.6,8
74.69999695,72.90000153,499,85,500,103,68,59,53,51,41,31,9.3,14.6,8
74.69999695,72.90000153,499,85,500,103,68,59,53,51,41,31,9.3,14.6,8
74.69999695,72.90000153,331,146,500,102,67,58,53,49,39,29,9.3,14.6,8
74.69999695,72.90000153,360,896,500,73,55,48,45,42,37,30,9.3,14.6,8
74.69999695,72.90000153,510,504,500,74,56,49,46,44,39,31,9.3,14.6,8
74.69999695,72.90000153,534,502,500,73,55,48,45,43,38,30,9.3,14.6,8
74.69999695,72.90000153,534,502,500,73,56,49,45,43,38,30,9.3,14.6,8
79.5,74.09999847,240,1376,500,163,76,56,50,48,43,32,9.3,14.6,8
79.5,74.09999847,268,1297,500,162,76,56,51,49,43,33,9.3,14.6,8
79.5,74.09999847,265,1151,500,161,76,56,50,48,43,32,9.3,14.6,8
79.5,74.09999847,265,1151,500,159,75,56,50,48,42,32,9.3,14.6,8
79.5,74.09999847,244,2354,500,128,71,54,48,46,42,32,9.3,14.6,8
79.5,74.09999847,249,3000,500,127,71,54,48,46,42,33,9.3,14.6,8
79.5,74.09999847,244,3000,500,126,70,53,47,45,41,32,9.3,14.6,8
79.5,74.09999847,275,3000,500,126,70,53,47,46,42,33,9.3,14.6,8
79.5,74.09999847,813,72,500,166,78,63,60,57,48,35,9.3,14.6,8
79.5,74.09999847,1159,10,500,163,78,62,61,58,48,35,9.3,14.6,8
79.5,74.09999847,1094,10,500,162,77,62,60,57,47,34,9.3,14.6,8
79.5,74.09999847,1211,10,500,161,77,62,60,57,48,35,9.3,14.6,8
74.69999695,72.90000153,1377,538,500,101,64,58,57,54,47,38,9.3,14.6,8
74.69999695,72.90000153,1377,538,500,101,65,59,57,55,48,38,9.3,14.6,8
74.69999695,72.90000153,1382,478,500,101,66,60,58,55,49,39,9.3,14.6,8
74.69999695,72.90000153,1382,478,500,101,66,60,58,55,49,39,9.3,14.6,8
74.69999695,72.90000153,2743,10,500,121,69,63,62,60,53,40,9.3,14.6,8
74.69999695,72.90000153,2642,10,500,120,69,63,62,60,51,40,9.3,14.6,8
74.69999695,72.90000153,3499,10,500,154,71,60,58,55,49,39,9.3,14.6,8
74.69999695,72.90000153,3499,10,500,155,71,60,57,55,49,39,9.3,14.6,8
74.69999695,72.90000153,3499,10,500,154,71,60,58,55,50,39,9.3,14.6,8
74.69999695,72.90000153,3499,10,500,153,71,60,58,55,50,39,9.3,14.6,8
74.69999695,72.90000153,427,221,500,143,91,78,74,67,56,43,9.3,14.6,8
74.69999695,72.90000153,427,221,500,147,93,80,75,68,57,44,9.3,14.6,8
74.69999695,72.90000153,427,221,500,145,93,79,75,68,57,44,9.3,14.6,8
74.69999695,72.90000153,427,221,500,144,93,80,74,67,58,44,9.3,14.6,8
74.69999695,72.90000153,1029,156,500,106,80,67,66,64,55,43,9.3,14.6,8
74.69999695,72.90000153,875,252,500,107,80,67,66,63,55,43,9.3,14.6,8
74.69999695,72.90000153,1242,18,500,107,80,67,66,63,55,41,9.3,14.6,8
74.69999695,72.90000153,1078,157,500,107,80,67,66,64,55,43,9.3,14.6,8
74.69999695,72.90000153,438,65,500,143,96,83,76,70,58,41,9.3,14.6,8
74.69999695,72.90000153,391,102,500,145,98,86,78,71,59,44,9.3,14.6,8
74.69999695,72.90000153,391,102,500,145,98,85,78,70,59,43,9.3,14.6,8
74.69999695,72.90000153,391,102,500,145,97,84,77,70,58,43,9.3,14.6,8
74.69999695,72.90000153,664,376,500,107,77,67,63,59,54,41,9.3,14.6,8
74.69999695,72.90000153,569,708,500,109,79,68,64,62,55,44,9.3,14.6,8
74.69999695,72.90000153,569,708,500,108,79,69,65,62,55,44,9.3,14.6,8
74.69999695,72.90000153,569,708,500,108,79,68,64,62,55,43,9.3,14.6,8
79.5,74.09999847,322,792,500,213,105,79,72,68,61,46,9.3,14.6,8
79.5,74.09999847,299,824,500,213,104,78,70,66,59,44,9.3,14.6,8
79.5,74.09999847,304,1172,500,214,105,79,72,68,61,47,9.3,14.6,8
79.5,74.09999847,304,1172,500,214,107,80,73,68,61,47,9.3,14.6,8
79.5,74.09999847,287,3000,500,173,98,75,67,66,59,48,9.3,14.6,8
79.5,74.09999847,235,2634,500,175,99,77,68,66,59,46,9.3,14.6,8
79.5,74.09999847,252,2070,500,175,100,77,69,66,60,46,9.3,14.6,8
79.5,74.09999847,237,3000,500,174,99,76,68,65,59,46,9.3,14.6,8
79.5,74.09999847,995,87,500,225,112,93,88,81,71,53,9.3,14.6,8
79.5,74.09999847,1175,38,500,224,110,89,85,81,68,51,9.3,14.6,8
79.5,74.09999847,1232,10,500,225,111,90,86,82,68,51,9.3,14.6,8
79.5,74.09999847,1232,10,500,225,111,90,86,81,69,51,9.3,14.6,8
74.69999695,72.90000153,1601,419,500,134,86,78,76,73,64,51,9.3,14.6,8
74.69999695,72.90000153,1601,419,500,134,87,78,76,71,64,51,9.3,14.6,8
74.69999695,72.90000153,1601,419,500,134,87,79,76,73,64,51,9.3,14.6,8
74.69999695,72.90000153,1601,419,500,134,87,79,76,73,65,51,9.3,14.6,8
74.69999695,72.90000153,2642,10,500,157,91,82,80,79,67,52,9.3,14.6,8
74.69999695,72.90000153,2642,10,500,159,93,83,81,79,69,53,9.3,14.6,8
74.69999695,72.90000153,2310,10,500,158,96,85,82,79,69,53,9.3,14.6,8
74.69999695,72.90000153,2310,10,500,158,95,85,81,78,69,53,9.3,14.6,8
74.69999695,72.90000153,3499,10,500,200,95,80,76,73,66,51,9.3,14.6,8
74.69999695,72.90000153,3499,10,500,201,95,79,76,73,66,51,9.3,14.6,8
74.69999695,72.90000153,3499,10,500,200,95,80,76,74,66,52,9.3,14.6,8
74.69999695,72.90000153,3302,10,500,200,95,80,76,74,66,51,9.3,14.6,8
74.69999695,72.90000153,427,221,500,194,121,105,99,90,76,56,9.3,14.6,8
74.69999695,72.90000153,427,221,500,195,123,106,99,90,76,56,9.3,14.6,8
74.69999695,72.90000153,427,221,500,194,123,105,98,89,76,56,9.3,14.6,8
74.69999695,72.90000153,462,170,500,193,120,104,97,88,73,55,9.3,14.6,8
74.69999695,72.90000153,980,114,500,143,107,90,89,84,73,56,9.3,14.6,8
74.69999695,72.90000153,843,168,500,143,107,90,89,84,72,56,9.3,14.6,8
74.69999695,72.90000153,1148,78,500,144,105,90,89,84,72,56,9.3,14.6,8
74.69999695,72.90000153,1200,50,500,145,107,90,89,85,73,56,9.3,14.6,8
74.69999695,72.90000153,386,96,500,192,129,112,101,94,78,56,9.3,14.6,8
74.69999695,72.90000153,386,96,500,193,129,112,104,94,78,56,9.3,14.6,8
74.69999695,72.90000153,386,96,500,193,129,113,102,94,78,56,9.3,14.6,8
74.69999695,72.90000153,386,96,500,192,130,112,102,94,78,56,9.3,14.6,8
74.69999695,72.90000153,636,369,500,139,102,90,84,80,71,55,9.3,14.6,8
74.69999695,72.90000153,636,369,500,140,104,91,85,80,72,56,9.3,14.6,8
74.69999695,72.90000153,636,369,500,138,102,89,83,79,70,54,9.3,14.6,8
74.69999695,72.90000153,636,369,500,139,103,91,85,80,72,56,9.3,14.6,8
79.5,74.09999847,370,483,500,277,137,104,94,89,79,58,9.3,14.6,8
79.5,74.09999847,370,483,500,279,137,105,95,90,80,60,9.3,14.6,8
79.5,74.09999847,321,888,500,279,139,105,95,90,81,61,9.3,14.6,8
79.5,74.09999847,321,888,500,280,139,105,96,90,81,61,9.3,14.6,8
79.5,74.09999847,283,1584,500,228,129,100,91,86,78,60,9.3,14.6,8
79.5,74.09999847,283,1584,500,228,129,101,90,87,78,60,9.3,14.6,8
79.5,74.09999847,283,1584,500,228,129,101,91,87,78,60,9.3,14.6,8
79.5,74.09999847,283,1584,500,228,129,101,91,87,79,61,9.3,14.6,8
79.5,74.09999847,1116,10,500,294,145,118,113,107,89,65,9.3,14.6,8
79.5,74.09999847,1109,10,500,297,148,122,115,108,92,67,9.3,14.6,8
79.5,74.09999847,1109,10,500,296,147,120,114,108,91,67,9.3,14.6,8
79.5,74.09999847,1109,10,500,297,148,122,115,107,92,67,9.3,14.6,8
74.69999695,72.90000153,2413,71,500,169,109,99,95,90,79,63,9.3,14.6,8
74.69999695,72.90000153,3011,10,500,171,110,100,96,92,81,64,9.3,14.6,8
74.69999695,72.90000153,3011,10,500,169,110,100,96,91,80,64,9.3,14.6,8
74.69999695,72.90000153,3011,10,500,169,110,100,96,92,80,64,9.3,14.6,8
74.69999695,72.90000153,2310,10,500,202,120,107,104,100,88,67,9.3,14.6,8
74.69999695,72.90000153,2681,10,500,203,116,106,104,102,87,67,9.3,14.6,8
74.69999695,72.90000153,2519,10,500,202,117,107,105,102,87,67,9.3,14.6,8
74.69999695,72.90000153,2521,10,500,202,118,107,104,101,87,67,9.3,14.6,8
74.69999695,72.90000153,3302,10,500,253,119,101,96,92,82,64,9.3,14.6,8
74.69999695,72.90000153,3325,10,500,254,119,101,96,92,82,64,9.3,14.6,8
74.69999695,72.90000153,3325,10,500,253,119,101,96,92,80,62,9.3,14.6,8
74.69999695,72.90000153,3325,10,500,253,120,102,97,92,82,64,9.3,14.6,8
74.69999695,72.90000153,555,105,500,251,156,135,127,115,96,71,9.3,14.6,8
74.69999695,72.90000153,669,71,500,252,152,134,127,115,94,71,9.3,14.6,8
74.69999695,72.90000153,669,71,500,253,153,135,127,114,95,71,9.3,14.6,8
74.69999695,72.90000153,669,71,500,253,153,135,126,114,95,71,9.3,14.6,8
74.69999695,72.90000153,1414,18,500,185,134,114,112,107,92,70,9.3,14.6,8
74.69999695,72.90000153,1333,19,500,186,135,114,113,107,92,70,9.3,14.6,8
74.69999695,72.90000153,1340,14,500,186,134,114,112,107,92,69,9.3,14.6,8
74.69999695,72.90000153,1442,10,500,186,134,114,113,107,92,70,9.3,14.6,8
74.69999695,72.90000153,386,96,500,249,165,144,131,121,99,71,9.3,14.6,8
74.69999695,72.90000153,386,96,500,251,165,144,131,122,100,71,9.3,14.6,8
74.69999695,72.90000153,386,96,500,251,166,145,132,122,100,71,9.3,14.6,8
74.69999695,72.90000153,386,96,500,252,166,144,131,122,100,71,9.3,14.6,8
74.69999695,72.90000153,636,369,500,177,131,115,108,102,91,70,9.3,14.6,8
74.69999695,72.90000153,636,369,500,179,132,116,109,103,92,71,9.3,14.6,8
74.69999695,72.90000153,636,369,500,179,132,116,108,103,91,70,9.3,14.6,8
74.69999695,72.90000153,557,474,500,178,131,114,107,101,90,70,9.3,14.6,8
79.5,74.09999847,388,595,500,348,174,132,120,114,101,75,9.3,14.6,8
79.5,74.09999847,388,595,500,351,176,134,122,116,103,78,9.3,14.6,8
79.5,74.09999847,388,595,500,351,175,133,121,115,103,77,9.3,14.6,8
79.5,74.09999847,388,595,500,352,176,133,122,115,102,75,9.3,14.6,8
79.5,74.09999847,358,1335,500,290,161,125,114,111,99,77,9.3,14.6,8
79.5,74.09999847,327,2245,500,291,162,125,114,111,100,79,9.3,14.6,8
79.5,74.09999847,327,2245,500,291,162,127,115,111,100,79,9.3,14.6,8
79.5,74.09999847,327,2245,500,290,162,127,114,111,100,79,9.3,14.6,8
79.5,74.09999847,1109,10,500,376,188,155,146,138,115,84,9.3,14.6,8
79.5,74.09999847,1077,10,500,379,188,153,146,141,115,84,9.3,14.6,8
79.5,74.09999847,1077,10,500,380,189,156,147,138,116,85,9.3,14.6,8
79.5,74.09999847,1077,10,500,380,190,156,147,138,116,84,9.3,14.6,8
79.5,74.09999847,303,552,500,68,55,51,46,42,39,30,9.3,14.6,8
79.5,74.09999847,306,584,500,67,55,51,46,42,39,30,9.3,14.6,8
79.5,74.09999847,306,584,500,67,54,50,46,42,38,30,9.3,14.6,8
79.5,74.09999847,306,584,500,67,54,51,46,42,38,30,9.3,14.6,8
79.5,74.09999847,334,677,500,83,56,49,45,43,37,29,9.3,14.6,8
79.5,74.09999847,334,677,500,83,56,49,45,42,37,29,9.3,14.6,8
79.5,74.09999847,495,330,500,83,56,49,45,42,37,28,9.3,14.6,8
79.5,74.09999847,495,330,500,83,56,49,45,42,37,28,9.3,14.6,8
79.5,74.09999847,208,3000,500,75,55,48,44,41,34,29,9.3,14.6,8
79.5,74.09999847,208,2932,500,75,55,48,44,41,35,29,9.3,14.6,8
79.5,74.09999847,227,2309,500,75,56,49,45,42,38,29,9.3,14.6,8
79.5,74.09999847,264,1440,500,75,56,48,44,41,36,29,9.3,14.6,8
79.5,74.09999847,167,210,500,105,74,63,56,48,42,29,9.3,14.6,8
79.5,74.09999847,164,313,500,103,72,62,56,48,41,30,9.3,14.6,8
79.5,74.09999847,164,313,500,103,74,63,57,48,42,30,9.3,14.6,8
79.5,74.09999847,164,313,500,103,72,62,56,48,41,30,9.3,14.6,8
79.5,74.09999847,176,1591,500,110,72,56,50,46,41,31,9.3,14.6,8
79.5,74.09999847,158,2356,500,109,71,55,48,45,39,30,9.3,14.6,8
79.5,74.09999847,172,2722,500,110,72,56,50,46,42,32,9.3,14.6,8
79.5,74.09999847,175,1579,500,110,72,56,50,46,41,31,9.3,14.6,8
79.5,74.09999847,289,60,500,84,68,61,57,52,42,31,9.3,14.6,8
79.5,74.09999847,289,60,500,83,68,61,57,52,42,31,9.3,14.6,8
79.5,74.09999847,295,65,500,84,68,62,57,53,43,32,9.3,14.6,8
79.5,74.09999847,295,65,500,84,68,61,57,52,42,31,9.3,14.6,8
79.5,74.09999847,710,425,500,83,55,49,46,43,38,30,9.3,14.6,8
79.5,74.09999847,710,425,500,82,54,49,46,43,39,30,9.3,14.6,8
79.5,74.09999847,710,425,500,81,54,48,46,43,38,30,9.3,14.6,8
79.5,74.09999847,710,425,500,82,54,48,45,42,38,30,9.3,14.6,8
79.5,74.09999847,637,438,500,98,61,53,49,46,42,32,9.3,14.6,8
79.5,74.09999847,637,438,500,97,61,54,49,46,42,32,9.3,14.6,8
79.5,74.09999847,637,438,500,97,62,55,49,46,42,32,9.3,14.6,8
79.5,74.09999847,637,438,500,97,61,54,50,47,42,33,9.3,14.6,8
79.5,74.09999847,353,846,500,142,75,55,51,49,44,33,9.3,14.6,8
79.5,74.09999847,352,845,500,142,75,55,51,49,44,33,9.3,14.6,8
79.5,74.09999847,354,848,500,142,75,55,51,49,44,33,9.3,14.6,8
79.5,74.09999847,344,854,500,141,75,55,51,49,44,33,9.3,14.6,8
79.5,74.09999847,652,808,500,102,62,50,48,46,42,33,9.3,14.6,8
79.5,74.09999847,693,788,500,103,62,50,48,46,42,33,9.3,14.6,8
79.5,74.09999847,1019,339,500,102,62,50,49,46,42,32,9.3,14.6,8
79.5,74.09999847,643,711,500,103,63,51,49,46,43,33,9.3,14.6,8
79.5,74.09999847,529,117,500,126,81,68,64,59,53,38,9.3,14.6,8
79.5,74.09999847,330,157,500,124,81,68,64,56,51,36,9.3,14.6,8
79.5,74.09999847,539,67,500,123,81,68,65,58,53,37,9.3,14.6,8
79.5,74.09999847,369,119,500,122,81,68,64,57,51,36,9.3,14.6,8
79.5,74.09999847,447,317,500,96,78,71,65,62,55,43,9.3,14.6,8
79.5,74.09999847,447,317,500,96,78,71,66,63,55,44,9.3,14.6,8
79.5,74.09999847,447,317,500,96,78,71,65,62,54,43,9.3,14.6,8
79.5,74.09999847,447,317,500,96,78,71,66,62,55,44,9.3,14.6,8
79.5,74.09999847,633,245,500,116,80,69,65,60,54,40,9.3,14.6,8
79.5,74.09999847,355,1619,500,118,82,73,67,63,57,47,9.3,14.6,8
79.5,74.09999847,355,1619,500,120,84,74,68,65,58,46,9.3,14.6,8
79.5,74.09999847,459,483,500,118,82,72,66,63,56,44,9.3,14.6,8
79.5,74.09999847,264,1440,500,105,78,67,62,58,50,41,9.3,14.6,8
79.5,74.09999847,320,861,500,106,79,68,63,59,53,41,9.3,14.6,8
79.5,74.09999847,304,1298,500,106,79,68,63,59,51,43,9.3,14.6,8
79.5,74.09999847,304,1298,500,106,79,69,64,60,53,43,9.3,14.6,8
79.5,74.09999847,164,313,500,144,102,87,79,69,58,43,9.3,14.6,8
79.5,74.09999847,164,313,500,145,103,88,79,69,59,44,9.3,14.6,8
79.5,74.09999847,164,313,500,145,102,88,79,69,58,44,9.3,14.6,8
79.5,74.09999847,164,313,500,144,102,88,79,69,59,44,9.3,14.6,8
79.5,74.09999847,181,2882,500,151,99,78,70,66,58,46,9.3,14.6,8
79.5,74.09999847,191,1805,500,152,100,79,72,67,58,46,9.3,14.6,8
79.5,74.09999847,187,2038,500,151,99,78,70,66,57,45,9.3,14.6,8
79.5,74.09999847,175,3000,500,151,100,79,70,66,58,46,9.3,14.6,8
79.5,74.09999847,295,65,500,116,96,87,79,74,60,45,9.3,14.6,8
79.5,74.09999847,224,146,500,117,97,88,81,75,61,46,9.3,14.6,8
79.5,74.09999847,245,107,500,118,98,88,81,75,62,46,9.3,14.6,8
79.5,74.09999847,245,107,500,117,97,88,81,75,61,46,9.3,14.6,8
79.5,74.09999847,1016,343,500,114,77,67,64,62,54,43,9.3,14.6,8
79.5,74.09999847,1016,343,500,117,78,69,65,63,55,44,9.3,14.6,8
79.5,74.09999847,1016,343,500,116,78,68,65,62,55,43,9.3,14.6,8
79.5,74.09999847,1016,343,500,116,77,68,65,63,55,43,9.3,14.6,8
79.5,74.09999847,594,464,500,133,85,76,69,66,59,46,9.3,14.6,8
79.5,74.09999847,594,464,500,135,87,77,72,67,60,47,9.3,14.6,8
79.5,74.09999847,594,464,500,134,86,76,72,67,60,47,9.3,14.6,8
79.5,74.09999847,778,218,500,134,85,76,70,66,58,44,9.3,14.6,8
79.5,74.09999847,294,1139,500,191,103,79,72,68,62,47,9.3,14.6,8
79.5,74.09999847,308,1342,500,192,104,79,73,68,64,48,9.3,14.6,8
79.5,74.09999847,308,1342,500,193,104,79,73,68,62,48,9.3,14.6,8
79.5,74.09999847,320,1225,500,194,105,80,74,70,64,49,9.3,14.6,8
79.5,74.09999847,679,867,500,143,88,73,70,67,61,49,9.3,14.6,8
79.5,74.09999847,1076,475,500,143,87,72,70,67,61,48,9.3,14.6,8
79.5,74.09999847,1076,475,500,143,87,72,69,67,61,48,9.3,14.6,8
79.5,74.09999847,1076,475,500,143,87,72,69,67,60,48,9.3,14.6,8
79.5,74.09999847,420,133,500,171,113,96,91,82,73,53,9.3,14.6,8
79.5,74.09999847,420,133,500,172,113,96,91,84,73,52,9.3,14.6,8
79.5,74.09999847,420,133,500,172,114,99,92,84,74,54,9.3,14.6,8
79.5,74.09999847,420,133,500,170,113,96,91,85,73,53,9.3,14.6,8
79.5,74.09999847,418,367,500,126,102,93,86,81,71,56,9.3,14.6,8
79.5,74.09999847,418,367,500,127,103,94,88,81,72,56,9.3,14.6,8
79.5,74.09999847,418,367,500,127,103,93,88,81,73,56,9.3,14.6,8
79.5,74.09999847,418,367,500,126,102,93,86,80,72,55,9.3,14.6,8
79.5,74.09999847,598,308,500,152,104,91,85,79,70,53,9.3,14.6,8
79.5,74.09999847,598,308,500,153,107,92,85,80,71,54,9.3,14.6,8
79.5,74.09999847,598,308,500,153,104,92,86,81,71,54,9.3,14.6,8
79.5,74.09999847,598,308,500,153,105,92,85,79,71,54,9.3,14.6,8
79.5,74.09999847,304,1298,500,141,104,90,83,78,69,55,9.3,14.6,8
79.5,74.09999847,323,1062,500,143,104,90,83,78,68,55,9.3,14.6,8
79.5,74.09999847,323,1062,500,144,105,91,83,78,69,54,9.3,14.6,8
79.5,74.09999847,323,1062,500,143,107,91,84,78,70,54,9.3,14.6,8
79.5,74.09999847,194,224,500,191,134,115,105,91,77,56,9.3,14.6,8
79.5,74.09999847,194,224,500,192,135,116,106,91,77,57,9.3,14.6,8
79.5,74.09999847,194,224,500,192,134,115,105,92,77,56,9.3,14.6,8
79.5,74.09999847,194,224,500,193,135,116,105,91,77,56,9.3,14.6,8
79.5,74.09999847,224,882,500,199,130,104,93,87,77,58,9.3,14.6,8
79.5,74.09999847,178,2256,500,201,131,106,94,87,78,61,9.3,14.6,8
79.5,74.09999847,216,962,500,200,131,104,93,87,77,58,9.3,14.6,8
79.5,74.09999847,216,962,500,200,131,105,93,86,78,58,9.3,14.6,8
79.5,74.09999847,245,107,500,157,129,116,108,99,81,60,9.3,14.6,8
79.5,74.09999847,245,107,500,159,130,117,108,99,81,60,9.3,14.6,8
79.5,74.09999847,245,107,500,159,129,116,107,99,81,60,9.3,14.6,8
79.5,74.09999847,245,107,500,159,129,117,108,100,81,60,9.3,14.6,8
79.5,74.09999847,1037,237,500,152,101,90,85,80,71,55,9.3,14.6,8
79.5,74.09999847,1037,237,500,153,101,90,85,80,72,55,9.3,14.6,8
79.5,74.09999847,1037,237,500,150,102,90,86,80,72,55,9.3,14.6,8
79.5,74.09999847,1037,237,500,150,101,89,85,80,72,55,9.3,14.6,8
79.5,74.09999847,623,443,500,176,114,101,93,88,79,61,9.3,14.6,8
79.5,74.09999847,623,443,500,177,114,103,94,88,80,62,9.3,14.6,8
79.5,74.09999847,623,443,500,176,114,102,94,88,79,61,9.3,14.6,8
79.5,74.09999847,623,443,500,176,114,102,94,88,79,61,9.3,14.6,8
79.5,74.09999847,525,578,500,254,134,103,96,93,83,63,9.3,14.6,8
79.5,74.09999847,525,578,500,257,135,104,97,93,83,63,9.3,14.6,8
79.5,74.09999847,525,578,500,256,135,104,96,92,82,63,9.3,14.6,8
79.5,74.09999847,525,578,500,257,135,104,96,93,83,63,9.3,14.6,8
79.5,74.09999847,1369,352,500,186,113,94,91,87,80,62,9.3,14.6,8
79.5,74.09999847,1369,352,500,188,115,94,92,89,80,62,9.3,14.6,8
79.5,74.09999847,1789,235,500,186,114,94,93,88,81,63,9.3,14.6,8
79.5,74.09999847,1789,235,500,187,114,94,93,89,80,62,9.3,14.6,8
79.5,74.09999847,420,133,500,222,148,128,121,111,97,71,9.3,14.6,8
79.5,74.09999847,420,133,500,223,149,129,121,111,97,71,9.3,14.6,8
79.5,74.09999847,474,105,500,223,149,129,121,111,97,71,9.3,14.6,8
79.5,74.09999847,474,105,500,222,148,128,121,112,97,71,9.3,14.6,8
79.5,74.09999847,418,367,500,162,130,118,110,104,91,71,9.3,14.6,8
79.5,74.09999847,506,253,500,161,130,117,110,103,90,70,9.3,14.6,8
79.5,74.09999847,506,253,500,162,131,119,111,103,91,71,9.3,14.6,8
79.5,74.09999847,506,253,500,162,130,118,110,103,91,71,9.3,14.6,8
79.5,74.09999847,598,308,500,195,132,116,109,103,90,68,9.3,14.6,8
79.5,74.09999847,598,308,500,196,132,117,110,104,90,68,9.3,14.6,8
79.5,74.09999847,949,148,500,196,130,115,110,107,89,68,9.3,14.6,8
79.5,74.09999847,949,148,500,196,131,115,110,105,90,68,9.3,14.6,8
79.5,74.09999847,323,1062,500,180,131,115,106,99,89,69,9.3,14.6,8
79.5,74.09999847,323,1062,500,182,130,115,106,100,88,69,9.3,14.6,8
79.5,74.09999847,323,1062,500,183,130,115,106,100,88,69,9.3,14.6,8
79.5,74.09999847,323,1062,500,183,132,116,107,101,88,70,9.3,14.6,8
79.5,74.09999847,176,300,500,246,169,146,132,115,95,71,9.3,14.6,8
79.5,74.09999847,176,300,500,247,170,146,133,116,96,71,9.3,14.6,8
79.5,74.09999847,176,300,500,248,172,147,133,116,97,71,9.3,14.6,8
79.5,74.09999847,176,300,500,248,172,147,133,118,96,71,9.3,14.6,8
79.5,74.09999847,230,922,500,249,163,131,118,111,96,74,9.3,14.6,8
79.5,74.09999847,199,1716,500,253,165,132,120,112,96,77,9.3,14.6,8
79.5,74.09999847,199,1716,500,253,165,132,120,111,97,75,9.3,14.6,8
79.5,74.09999847,199,1716,500,254,165,132,120,112,97,75,9.3,14.6,8
79.5,74.09999847,236,85,500,204,165,149,139,129,104,75,9.3,14.6,8
79.5,74.09999847,236,85,500,203,165,149,138,127,103,75,9.3,14.6,8
79.5,74.09999847,236,85,500,204,165,149,138,127,103,75,9.3,14.6,8
79.5,74.09999847,236,85,500,203,165,150,138,127,103,74,9.3,14.6,8
79.5,74.09999847,1037,237,500,190,129,115,109,104,91,70,9.3,14.6,8
79.5,74.09999847,1037,237,500,191,129,115,109,104,91,70,9.3,14.6,8
79.5,74.09999847,1037,237,500,191,129,115,109,103,91,70,9.3,14.6,8
79.5,74.09999847,1037,237,500,190,129,114,109,105,90,70,9.3,14.6,8
79.5,74.09999847,623,443,500,225,144,129,118,112,100,77,9.3,14.6,8
79.5,74.09999847,623,443,500,227,145,129,120,112,100,77,9.3,14.6,8
79.5,74.09999847,623,443,500,226,145,129,120,112,100,77,9.3,14.6,8
79.5,74.09999847,623,443,500,226,145,130,120,112,100,77,9.3,14.6,8
79.5,74.09999847,525,578,500,320,169,131,122,118,104,78,9.3,14.6,8
79.5,74.09999847,525,578,500,322,170,132,123,118,105,79,9.3,14.6,8
79.5,74.09999847,1114,136,500,323,169,131,125,123,104,79,9.3,14.6,8
79.5,74.09999847,1290,98,500,322,168,130,124,123,104,79,9.3,14.6,8
79.5,74.09999847,1789,235,500,235,145,120,117,112,102,79,9.3,14.6,8
79.5,74.09999847,1431,249,500,236,145,120,116,112,101,78,9.3,14.6,8
79.5,74.09999847,1431,249,500,237,145,121,117,112,102,80,9.3,14.6,8
79.5,74.09999847,1431,249,500,236,144,119,116,110,101,78,9.3,14.6,8
79.5,74.09999847,474,105,500,281,188,162,153,144,123,89,9.3,14.6,8
79.5,74.09999847,474,105,500,282,189,163,154,143,124,89,9.3,14.6,8
79.5,74.09999847,474,105,500,282,190,163,154,143,124,89,9.3,14.6,8
79.5,74.09999847,474,105,500,282,189,164,154,144,124,89,9.3,14.6,8
49.79999924,52.20000076,1000,1831,500,49,32,31,29,28,26,21,9.3,14.6,8
49.79999924,52.20000076,1000,1831,500,49,32,31,29,28,26,21,9.3,14.6,8
49.79999924,52.20000076,1000,668,500,50,34,31,29,28,25,20,9.3,14.6,8
49.79999924,52.20000076,1000,809,500,51,35,32,30,29,26,21,9.3,14.6,8
49.79999924,52.20000076,1000,826,500,49,34,30,29,28,25,20,9.3,14.6,8
49.79999924,52.20000076,1000,904,500,42,31,30,28,27,25,20,9.3,14.6,8
49.79999924,52.20000076,1000,478,500,41,30,28,27,26,22,18,9.3,14.6,8
49.79999924,52.20000076,1000,806,500,42,31,30,28,27,23,20,9.3,14.6,8
49.79999924,52.20000076,1000,526,500,41,30,28,27,26,23,18,9.3,14.6,8
49.79999924,52.20000076,1000,268,500,59,41,37,35,33,29,23,9.3,14.6,8
49.79999924,52.20000076,1000,145,500,58,41,36,35,33,28,22,9.3,14.6,8
49.79999924,52.20000076,977,145,500,58,41,36,35,32,29,22,9.3,14.6,8
49.79999924,52.20000076,1000,214,500,60,42,37,36,33,29,23,9.3,14.6,8
49.79999924,52.20000076,394,589,500,45,38,35,31,30,27,21,9.3,14.6,8
49.79999924,52.20000076,288,615,500,46,39,37,34,31,28,22,9.3,14.6,8
49.79999924,52.20000076,283,609,500,45,38,36,33,30,27,21,9.3,14.6,8
49.79999924,52.20000076,263,1874,500,48,39,37,34,31,28,23,9.3,14.6,8
49.79999924,52.20000076,662,141,500,51,39,36,34,31,27,21,9.3,14.6,8
49.79999924,52.20000076,662,141,500,52,39,36,34,31,27,21,9.3,14.6,8
49.79999924,52.20000076,662,141,500,52,39,36,34,31,27,21,9.3,14.6,8
49.79999924,52.20000076,942,65,500,52,39,37,35,32,28,22,9.3,14.6,8
49.79999924,52.20000076,1000,630,500,50,37,33,31,30,27,22,9.3,14.6,8
49.79999924,52.20000076,1000,613,500,49,35,31,29,28,26,20,9.3,14.6,8
49.79999924,52.20000076,1000,480,500,46,35,31,29,28,26,20,9.3,14.6,8
49.79999924,52.20000076,977,630,500,51,38,34,31,30,28,22,9.3,14.6,8
49.79999924,52.20000076,960,277,500,52,39,35,33,31,28,22,9.3,14.6,8
49.79999924,52.20000076,1000,372,500,52,39,34,33,31,28,23,9.3,14.6,8
50,51.59999847,191,2000,500,69,50,39,33,30,27,21,9.3,14.6,8
50,51.59999847,207,2000,500,70,52,40,35,32,29,23,9.3,14.6,8
50,51.59999847,192,2000,500,68,50,39,33,30,27,21,9.3,14.6,8
50,51.59999847,202,2000,500,68,50,38,33,30,27,21,9.3,14.6,8
50,51.59999847,378,2000,500,58,40,36,31,30,27,22,9.3,14.6,8
50,51.59999847,453,1035,500,59,40,36,33,31,28,22,9.3,14.6,8
50,51.59999847,453,1035,500,59,40,37,34,31,28,22,9.3,14.6,8
50,51.59999847,580,487,500,58,39,35,33,30,26,21,9.3,14.6,8
50,51.59999847,286,424,500,72,51,45,40,38,32,25,9.3,14.6,8
50,51.59999847,296,320,500,73,52,46,41,38,33,25,9.3,14.6,8
50,51.59999847,296,320,500,73,52,46,41,39,33,25,9.3,14.6,8
50,51.59999847,296,320,500,73,52,46,41,39,33,26,9.3,14.6,8
49.79999924,52.20000076,1000,1115,500,71,49,45,42,41,38,30,9.3,14.6,8
49.79999924,52.20000076,1000,1547,500,71,49,45,43,41,38,31,9.3,14.6,8
49.79999924,52.20000076,1000,1502,500,71,49,45,43,41,38,31,9.3,14.6,8
49.79999924,52.20000076,977,1502,500,71,49,45,43,41,38,31,9.3,14.6,8
49.79999924,52.20000076,1000,735,500,73,51,46,43,41,37,30,9.3,14.6,8
49.79999924,52.20000076,1000,1010,500,75,51,47,43,42,38,31,9.3,14.6,8
49.79999924,52.20000076,1000,1361,500,76,52,48,45,43,39,33,9.3,14.6,8
49.79999924,52.20000076,1000,638,500,75,52,48,45,42,38,31,9.3,14.6,8
49.79999924,52.20000076,1000,794,500,62,47,42,40,38,35,28,9.3,14.6,8
49.79999924,52.20000076,977,794,500,62,47,42,40,38,35,28,9.3,14.6,8
49.79999924,52.20000076,977,794,500,62,47,42,40,38,35,28,9.3,14.6,8
49.79999924,52.20000076,1000,857,500,63,48,44,40,39,37,29,9.3,14.6,8
49.79999924,52.20000076,771,198,500,86,60,53,50,48,41,31,9.3,14.6,8
49.79999924,52.20000076,915,139,500,87,62,55,52,49,42,33,9.3,14.6,8
49.79999924,52.20000076,922,99,500,87,61,53,51,48,41,31,9.3,14.6,8
49.79999924,52.20000076,922,99,500,86,60,53,50,48,41,31,9.3,14.6,8
49.79999924,52.20000076,263,1874,500,69,57,54,50,46,41,34,9.3,14.6,8
49.79999924,52.20000076,263,1874,500,69,57,54,50,46,41,33,9.3,14.6,8
49.79999924,52.20000076,454,264,500,68,56,53,49,45,40,31,9.3,14.6,8
49.79999924,52.20000076,416,465,500,69,57,54,50,45,40,33,9.3,14.6,8
49.79999924,52.20000076,688,50,500,76,58,54,51,48,40,31,9.3,14.6,8
49.79999924,52.20000076,688,51,500,77,58,54,51,48,40,31,9.3,14.6,8
49.79999924,52.20000076,797,58,500,78,60,55,52,49,41,33,9.3,14.6,8
49.79999924,52.20000076,797,58,500,78,60,55,52,49,41,33,9.3,14.6,8
49.79999924,52.20000076,803,1047,500,71,54,48,46,43,40,33,9.3,14.6,8
49.79999924,52.20000076,803,1047,500,71,54,48,46,43,40,33,9.3,14.6,8
49.79999924,52.20000076,870,840,500,70,52,47,43,42,38,31,9.3,14.6,8
49.79999924,52.20000076,1000,660,500,72,54,49,46,45,40,33,9.3,14.6,8
49.79999924,52.20000076,977,372,500,76,56,50,47,45,40,31,9.3,14.6,8
49.79999924,52.20000076,666,735,500,77,57,52,49,46,41,34,9.3,14.6,8
49.79999924,52.20000076,975,467,500,77,56,51,48,45,41,33,9.3,14.6,8
49.79999924,52.20000076,660,786,500,77,57,52,49,46,41,34,9.3,14.6,8
50,51.59999847,192,2000,500,104,76,61,52,48,42,34,9.3,14.6,8
50,51.59999847,197,2000,500,104,75,59,51,47,41,33,9.3,14.6,8
50,51.59999847,186,2000,500,104,76,61,52,48,41,34,9.3,14.6,8
50,51.59999847,197,2000,500,103,75,59,51,47,41,33,9.3,14.6,8
50,51.59999847,343,1517,500,87,62,55,52,47,42,35,9.3,14.6,8
50,51.59999847,343,1517,500,89,62,55,50,48,43,35,9.3,14.6,8
50,51.59999847,343,1517,500,87,62,55,50,47,42,34,9.3,14.6,8
50,51.59999847,334,1444,500,87,62,55,51,47,41,34,9.3,14.6,8
50,51.59999847,285,446,500,108,78,69,62,57,51,39,9.3,14.6,8
50,51.59999847,285,446,500,108,78,69,62,58,51,39,9.3,14.6,8
50,51.59999847,346,244,500,107,77,68,61,56,50,37,9.3,14.6,8
50,51.59999847,346,244,500,106,76,67,61,56,49,37,9.3,14.6,8
49.79999924,52.20000076,1000,1317,500,93,63,58,55,53,49,39,9.3,14.6,8
49.79999924,52.20000076,1000,1568,500,93,62,57,55,53,48,39,9.3,14.6,8
49.79999924,52.20000076,1000,1280,500,94,64,59,56,55,49,40,9.3,14.6,8
49.79999924,52.20000076,1000,1432,500,94,64,58,56,55,49,40,9.3,14.6,8
49.79999924,52.20000076,977,638,500,99,68,62,59,56,51,41,9.3,14.6,8
49.79999924,52.20000076,1000,799,500,98,67,61,58,55,50,40,9.3,14.6,8
49.79999924,52.20000076,1000,795,500,99,68,62,59,57,51,41,9.3,14.6,8
49.79999924,52.20000076,977,795,500,99,68,62,59,57,51,41,9.3,14.6,8
49.79999924,52.20000076,1000,875,500,82,61,55,53,50,45,37,9.3,14.6,8
49.79999924,52.20000076,977,875,500,83,62,56,54,51,46,37,9.3,14.6,8
49.79999924,52.20000076,977,875,500,82,61,55,53,50,45,36,9.3,14.6,8
49.79999924,52.20000076,1000,1051,500,84,63,57,54,52,47,39,9.3,14.6,8
49.79999924,52.20000076,1000,74,500,117,80,71,68,65,56,42,9.3,14.6,8
49.79999924,52.20000076,1000,68,500,118,81,71,68,65,56,43,9.3,14.6,8
49.79999924,52.20000076,1000,61,500,117,80,71,67,64,56,42,9.3,14.6,8
49.79999924,52.20000076,977,61,500,118,81,72,68,65,56,43,9.3,14.6,8
49.79999924,52.20000076,416,465,500,91,76,70,65,60,54,42,9.3,14.6,8
49.79999924,52.20000076,416,465,500,92,76,71,65,59,54,42,9.3,14.6,8
49.79999924,52.20000076,416,465,500,92,76,71,65,60,52,42,9.3,14.6,8
49.79999924,52.20000076,288,677,500,91,75,70,64,59,52,41,9.3,14.6,8
49.79999924,52.20000076,796,50,500,104,78,73,68,64,55,42,9.3,14.6,8
49.79999924,52.20000076,796,51,500,104,79,72,68,64,55,42,9.3,14.6,8
49.79999924,52.20000076,762,50,500,104,78,72,67,64,54,41,9.3,14.6,8
49.79999924,52.20000076,762,51,500,104,78,72,67,64,54,41,9.3,14.6,8
49.79999924,52.20000076,1000,524,500,96,69,63,60,57,51,41,9.3,14.6,8
49.79999924,52.20000076,1000,496,500,95,68,62,59,56,50,40,9.3,14.6,8
49.79999924,52.20000076,977,496,500,95,69,63,60,57,51,41,9.3,14.6,8
49.79999924,52.20000076,977,496,500,96,69,63,60,57,51,41,9.3,14.6,8
49.79999924,52.20000076,752,509,500,102,75,67,63,60,55,42,9.3,14.6,8
49.79999924,52.20000076,752,509,500,103,76,68,63,60,55,43,9.3,14.6,8
49.79999924,52.20000076,752,509,500,102,76,67,63,60,55,43,9.3,14.6,8
49.79999924,52.20000076,752,509,500,102,75,67,63,60,55,42,9.3,14.6,8
50,51.59999847,193,2000,500,136,97,78,66,61,54,42,9.3,14.6,8
50,51.59999847,197,2000,500,136,96,78,66,61,54,42,9.3,14.6,8
50,51.59999847,194,2000,500,137,97,78,66,61,54,42,9.3,14.6,8
50,51.59999847,197,2000,500,137,99,79,67,62,56,43,9.3,14.6,8
50,51.59999847,551,356,500,114,80,70,65,60,54,42,9.3,14.6,8
50,51.59999847,551,356,500,117,81,72,67,62,55,44,9.3,14.6,8
50,51.59999847,653,508,500,117,81,72,66,62,56,44,9.3,14.6,8
50,51.59999847,653,508,500,117,81,72,66,61,55,44,9.3,14.6,8
50,51.59999847,346,244,500,141,101,89,80,74,65,48,9.3,14.6,8
50,51.59999847,405,213,500,144,103,90,81,76,67,50,9.3,14.6,8
50,51.59999847,405,213,500,144,103,90,81,76,66,50,9.3,14.6,8
50,51.59999847,407,162,500,143,102,89,80,75,65,48,9.3,14.6,8
49.79999924,52.20000076,1000,1283,500,121,81,75,72,68,61,50,9.3,14.6,8
49.79999924,52.20000076,1000,1391,500,122,82,75,73,69,62,51,9.3,14.6,8
49.79999924,52.20000076,1000,1303,500,121,81,74,72,69,61,50,9.3,14.6,8
49.79999924,52.20000076,1000,1306,500,121,81,74,72,69,61,50,9.3,14.6,8
49.79999924,52.20000076,1000,846,500,128,88,79,75,72,65,52,9.3,14.6,8
49.79999924,52.20000076,977,846,500,127,88,79,75,71,65,52,9.3,14.6,8
49.79999924,52.20000076,1000,1061,500,131,90,82,77,75,68,55,9.3,14.6,8
49.79999924,52.20000076,1000,787,500,128,88,80,75,72,65,52,9.3,14.6,8
49.79999924,52.20000076,1000,1112,500,108,79,72,67,65,59,48,9.3,14.6,8
49.79999924,52.20000076,977,1112,500,108,79,72,68,65,59,48,9.3,14.6,8
49.79999924,52.20000076,977,1112,500,107,79,72,67,65,59,48,9.3,14.6,8
49.79999924,52.20000076,1000,993,500,109,80,73,69,67,60,49,9.3,14.6,8
49.79999924,52.20000076,1000,56,500,153,104,91,87,82,71,54,9.3,14.6,8
49.79999924,52.20000076,977,56,500,153,105,92,88,84,71,54,9.3,14.6,8
49.79999924,52.20000076,1000,143,500,153,104,91,87,84,71,54,9.3,14.6,8
49.79999924,52.20000076,977,143,500,152,104,91,87,82,70,53,9.3,14.6,8
49.79999924,52.20000076,384,540,500,119,97,90,84,77,68,54,9.3,14.6,8
49.79999924,52.20000076,384,540,500,119,97,91,84,77,68,54,9.3,14.6,8
49.79999924,52.20000076,384,540,500,119,97,91,84,77,68,54,9.3,14.6,8
49.79999924,52.20000076,384,540,500,119,99,91,85,78,69,55,9.3,14.6,8
49.79999924,52.20000076,761,79,500,135,101,92,87,81,68,53,9.3,14.6,8
49.79999924,52.20000076,761,79,500,135,101,93,87,81,68,53,9.3,14.6,8
49.79999924,52.20000076,761,79,500,136,102,95,89,82,70,54,9.3,14.6,8
49.79999924,52.20000076,687,91,500,136,103,96,89,84,70,55,9.3,14.6,8
49.79999924,52.20000076,1000,614,500,123,90,81,76,74,66,53,9.3,14.6,8
49.79999924,52.20000076,1000,622,500,122,89,80,75,72,65,52,9.3,14.6,8
49.79999924,52.20000076,977,622,500,123,90,81,76,74,66,53,9.3,14.6,8
49.79999924,52.20000076,977,622,500,123,89,80,75,72,65,52,9.3,14.6,8
49.79999924,52.20000076,1000,396,500,134,97,87,81,78,70,55,9.3,14.6,8
49.79999924,52.20000076,977,396,500,135,99,87,83,79,71,56,9.3,14.6,8
49.79999924,52.20000076,977,396,500,134,99,87,81,78,70,55,9.3,14.6,8
49.79999924,52.20000076,977,396,500,133,96,86,81,77,69,54,9.3,14.6,8
50,51.59999847,205,2000,500,180,127,101,87,80,70,55,9.3,14.6,8
50,51.59999847,208,2000,500,181,129,102,88,81,71,56,9.3,14.6,8
50,51.59999847,196,2000,500,179,127,101,86,79,69,54,9.3,14.6,8
50,51.59999847,198,2000,500,179,127,101,86,79,69,54,9.3,14.6,8
50,51.59999847,543,704,500,151,105,93,86,80,71,57,9.3,14.6,8
50,51.59999847,543,704,500,151,105,93,86,80,71,56,9.3,14.6,8
50,51.59999847,543,704,500,151,105,93,86,80,70,56,9.3,14.6,8
50,51.59999847,543,704,500,151,105,93,86,80,70,56,9.3,14.6,8
50,51.59999847,329,297,500,188,134,118,106,98,85,64,9.3,14.6,8
50,51.59999847,329,297,500,187,133,117,105,97,84,62,9.3,14.6,8
50,51.59999847,329,297,500,188,135,118,106,99,86,64,9.3,14.6,8
50,51.59999847,329,297,500,188,134,118,106,98,85,64,9.3,14.6,8
50,51.59999847,411,316,500,43,38,36,34,31,28,22,9.3,14.6,8
50,51.59999847,411,316,500,43,39,36,34,31,28,22,9.3,14.6,8
50,51.59999847,191,2000,500,44,40,37,35,33,29,24,9.3,14.6,8
50,51.59999847,204,2000,500,43,38,36,33,30,27,22,9.3,14.6,8
50,51.59999847,504,1043,500,46,38,34,31,30,27,22,9.3,14.6,8
50,51.59999847,582,320,500,45,37,33,30,29,26,20,9.3,14.6,8
50,51.59999847,582,320,500,45,37,33,30,29,26,20,9.3,14.6,8
50,51.59999847,550,395,500,46,38,34,31,30,27,21,9.3,14.6,8
50,51.59999847,351,1491,500,39,35,32,29,28,26,21,9.3,14.6,8
50,51.59999847,351,1491,500,40,35,32,29,28,26,21,9.3,14.6,8
50,51.59999847,760,63,500,38,32,31,28,27,25,18,9.3,14.6,8
50,51.59999847,1000,66,500,38,32,31,28,27,25,20,9.3,14.6,8
50,51.59999847,276,286,500,56,45,42,39,37,30,24,9.3,14.6,8
50,51.59999847,289,215,500,54,43,40,37,35,28,22,9.3,14.6,8
50,51.59999847,277,389,500,55,43,40,37,36,28,23,9.3,14.6,8
50,51.59999847,223,587,500,55,44,41,38,37,29,24,9.3,14.6,8
50,51.59999847,271,944,500,56,44,39,35,33,29,23,9.3,14.6,8
50,51.59999847,189,2000,500,52,43,38,34,31,28,22,9.3,14.6,8
50,51.59999847,243,1515,500,54,42,37,34,31,28,22,9.3,14.6,8
50,51.59999847,202,1985,500,56,44,39,36,32,29,23,9.3,14.6,8
50,51.59999847,407,50,500,49,42,40,38,36,31,23,9.3,14.6,8
50,51.59999847,399,50,500,48,41,38,37,35,29,22,9.3,14.6,8
50,51.59999847,375,50,500,49,42,40,38,36,30,23,9.3,14.6,8
50,51.59999847,409,50,500,48,42,39,37,36,30,23,9.3,14.6,8
50,51.59999847,1000,64,500,40,34,31,30,29,26,21,9.3,14.6,8
50,51.59999847,1000,131,500,41,35,33,31,30,28,23,9.3,14.6,8
50,51.59999847,1000,152,500,42,35,33,31,30,27,23,9.3,14.6,8
50,51.59999847,809,78,500,43,37,34,31,30,27,21,9.3,14.6,8
50,51.59999847,1000,85,500,44,37,34,31,30,28,22,9.3,14.6,8
50,51.59999847,977,85,500,44,37,34,31,30,28,22,9.3,14.6,8
50,51.59999847,984,91,500,45,39,36,34,32,29,24,9.3,14.6,8
50,51.59999847,488,535,500,54,40,36,31,30,27,21,9.3,14.6,8
50,51.59999847,488,535,500,53,40,35,31,30,27,21,9.3,14.6,8
50,51.59999847,291,898,500,55,42,37,34,31,28,22,9.3,14.6,8
50,51.59999847,269,2000,500,55,42,37,34,31,28,23,9.3,14.6,8
50,51.59999847,600,750,500,49,39,36,34,32,29,24,9.3,14.6,8
50,51.59999847,600,750,500,50,39,36,33,32,28,24,9.3,14.6,8
50,51.59999847,600,750,500,49,39,36,34,32,29,24,9.3,14.6,8
50,51.59999847,555,511,500,48,39,36,34,32,29,23,9.3,14.6,8
50,51.59999847,511,50,500,64,51,47,43,41,36,27,9.3,14.6,8
50,51.59999847,511,51,500,64,51,47,43,41,36,27,9.3,14.6,8
50,51.59999847,511,51,500,65,51,47,43,41,36,28,9.3,14.6,8
50,51.59999847,511,51,500,64,51,47,43,41,36,27,9.3,14.6,8
50,51.59999847,483,114,500,67,58,55,51,49,43,35,9.3,14.6,8
50,51.59999847,483,114,500,67,58,55,51,49,43,35,9.3,14.6,8
50,51.59999847,483,114,500,66,58,54,51,48,42,34,9.3,14.6,8
50,51.59999847,593,126,500,67,60,55,52,49,43,36,9.3,14.6,8
50,51.59999847,338,1162,500,69,56,52,48,45,40,33,9.3,14.6,8
50,51.59999847,320,716,500,68,55,51,46,43,38,30,9.3,14.6,8
50,51.59999847,412,1032,500,69,56,51,47,45,40,33,9.3,14.6,8
50,51.59999847,558,281,500,67,54,49,45,42,38,29,9.3,14.6,8
50,51.59999847,977,66,500,57,50,47,43,41,37,30,9.3,14.6,8
50,51.59999847,834,86,500,58,52,48,45,42,38,31,9.3,14.6,8
50,51.59999847,818,333,500,58,52,49,45,42,39,33,9.3,14.6,8
50,51.59999847,601,350,500,58,51,48,45,42,38,31,9.3,14.6,8
50,51.59999847,174,635,500,81,66,62,55,50,42,33,9.3,14.6,8
50,51.59999847,174,635,500,82,67,63,55,50,43,33,9.3,14.6,8
50,51.59999847,174,635,500,81,66,62,55,50,42,33,9.3,14.6,8
50,51.59999847,174,635,500,81,66,62,55,50,42,33,9.3,14.6,8
50,51.59999847,214,2000,500,81,65,58,52,49,43,35,9.3,14.6,8
50,51.59999847,220,1461,500,82,65,57,52,49,42,34,9.3,14.6,8
50,51.59999847,220,1461,500,82,66,58,53,49,43,35,9.3,14.6,8
50,51.59999847,245,1800,500,82,66,58,53,49,45,36,9.3,14.6,8
50,51.59999847,393,92,500,72,63,59,56,52,45,35,9.3,14.6,8
50,51.59999847,453,50,500,73,63,59,55,52,45,34,9.3,14.6,8
50,51.59999847,370,65,500,73,64,61,56,53,46,35,9.3,14.6,8
50,51.59999847,370,65,500,73,64,61,56,53,46,35,9.3,14.6,8
50,51.59999847,1000,224,500,62,52,49,46,43,41,34,9.3,14.6,8
50,51.59999847,1000,218,500,63,53,51,48,45,42,35,9.3,14.6,8
50,51.59999847,977,218,500,63,54,51,48,46,41,35,9.3,14.6,8
50,51.59999847,1000,193,500,62,51,49,46,43,39,33,9.3,14.6,8
50,51.59999847,984,91,500,68,57,53,50,48,43,35,9.3,14.6,8
50,51.59999847,941,103,500,69,57,54,51,48,43,35,9.3,14.6,8
50,51.59999847,866,106,500,67,56,52,49,46,41,33,9.3,14.6,8
50,51.59999847,893,285,500,69,57,53,50,48,43,35,9.3,14.6,8
50,51.59999847,298,2000,500,80,62,55,50,47,42,35,9.3,14.6,8
50,51.59999847,270,1918,500,81,63,55,50,47,42,34,9.3,14.6,8
50,51.59999847,270,1918,500,80,62,55,49,47,41,34,9.3,14.6,8
50,51.59999847,270,1918,500,81,62,55,50,47,42,34,9.3,14.6,8
50,51.59999847,555,511,500,71,57,53,49,47,42,35,9.3,14.6,8
50,51.59999847,555,511,500,71,57,53,49,47,42,35,9.3,14.6,8
50,51.59999847,342,2000,500,73,60,54,51,48,42,37,9.3,14.6,8
50,51.59999847,438,805,500,71,57,52,49,46,41,34,9.3,14.6,8
50,51.59999847,511,51,500,93,76,70,65,61,55,41,9.3,14.6,8
50,51.59999847,511,51,500,94,76,70,65,61,54,40,9.3,14.6,8
50,51.59999847,511,51,500,93,76,70,65,61,55,41,9.3,14.6,8
50,51.59999847,511,51,500,94,76,70,65,61,55,41,9.3,14.6,8
50,51.59999847,522,226,500,87,76,71,66,62,56,44,9.3,14.6,8
50,51.59999847,522,226,500,89,76,71,66,62,55,43,9.3,14.6,8
50,51.59999847,522,226,500,87,76,71,66,62,56,43,9.3,14.6,8
50,51.59999847,522,226,500,89,76,71,66,62,56,43,9.3,14.6,8
50,51.59999847,490,419,500,91,74,67,62,58,51,41,9.3,14.6,8
50,51.59999847,490,419,500,91,73,66,61,57,50,40,9.3,14.6,8
50,51.59999847,323,1162,500,92,74,68,62,58,52,42,9.3,14.6,8
50,51.59999847,323,1162,500,92,74,67,62,58,52,41,9.3,14.6,8
50,51.59999847,516,550,500,78,67,63,58,55,50,40,9.3,14.6,8
50,51.59999847,516,550,500,78,66,62,58,55,49,41,9.3,14.6,8
50,51.59999847,418,882,500,77,66,62,56,53,49,39,9.3,14.6,8
50,51.59999847,526,496,500,78,67,63,58,55,50,40,9.3,14.6,8
50,51.59999847,174,635,500,109,88,81,74,67,56,43,9.3,14.6,8
50,51.59999847,142,1115,500,109,88,80,73,67,55,43,9.3,14.6,8
50,51.59999847,194,295,500,109,87,80,73,67,55,42,9.3,14.6,8
50,51.59999847,140,1024,500,110,89,81,74,68,56,44,9.3,14.6,8
50,51.59999847,236,1954,500,110,87,76,68,65,57,46,9.3,14.6,8
50,51.59999847,239,971,500,108,87,75,68,64,56,44,9.3,14.6,8
50,51.59999847,226,2000,500,109,87,76,68,64,57,46,9.3,14.6,8
50,51.59999847,226,1955,500,109,87,76,68,64,57,46,9.3,14.6,8
50,51.59999847,372,50,500,95,81,76,73,68,57,43,9.3,14.6,8
50,51.59999847,359,50,500,96,82,78,74,69,59,44,9.3,14.6,8
50,51.59999847,359,51,500,97,84,80,75,70,60,46,9.3,14.6,8
50,51.59999847,359,51,500,96,82,79,74,69,59,46,9.3,14.6,8
50,51.59999847,990,311,500,82,68,64,61,58,52,43,9.3,14.6,8
50,51.59999847,990,311,500,83,68,65,62,59,52,42,9.3,14.6,8
50,51.59999847,990,311,500,83,68,64,61,58,54,42,9.3,14.6,8
50,51.59999847,990,311,500,82,67,64,61,58,51,42,9.3,14.6,8
50,51.59999847,819,193,500,90,74,68,64,61,56,43,9.3,14.6,8
50,51.59999847,907,247,500,92,76,70,65,62,57,46,9.3,14.6,8
50,51.59999847,907,247,500,92,76,70,66,64,57,46,9.3,14.6,8
50,51.59999847,907,247,500,91,76,70,65,62,57,44,9.3,14.6,8
50,51.59999847,418,694,500,105,79,71,64,61,54,43,9.3,14.6,8
50,51.59999847,418,694,500,106,80,71,65,61,55,43,9.3,14.6,8
50,51.59999847,418,694,500,106,80,71,64,61,55,43,9.3,14.6,8
50,51.59999847,418,694,500,106,80,71,65,61,55,43,9.3,14.6,8
50,51.59999847,438,805,500,96,76,70,65,62,56,46,9.3,14.6,8
50,51.59999847,438,805,500,96,77,70,65,62,57,47,9.3,14.6,8
50,51.59999847,438,805,500,96,77,70,65,62,56,46,9.3,14.6,8
50,51.59999847,438,805,500,97,77,70,65,62,57,46,9.3,14.6,8
50,51.59999847,562,50,500,124,99,90,85,79,70,53,9.3,14.6,8
50,51.59999847,562,51,500,123,99,90,84,79,69,51,9.3,14.6,8
50,51.59999847,562,51,500,124,99,91,85,79,70,52,9.3,14.6,8
50,51.59999847,562,51,500,124,99,91,84,80,70,52,9.3,14.6,8
50,51.59999847,435,350,500,114,99,92,86,81,72,57,9.3,14.6,8
50,51.59999847,435,350,500,116,100,92,87,81,71,56,9.3,14.6,8
50,51.59999847,435,350,500,116,99,92,86,81,71,56,9.3,14.6,8
50,51.59999847,435,350,500,116,100,93,87,81,71,56,9.3,14.6,8
50,51.59999847,469,631,500,119,95,87,79,76,67,54,9.3,14.6,8
50,51.59999847,405,763,500,118,94,86,78,74,65,52,9.3,14.6,8
50,51.59999847,405,763,500,118,94,86,79,75,66,52,9.3,14.6,8
50,51.59999847,504,765,500,120,96,88,81,77,69,56,9.3,14.6,8
50,51.59999847,467,865,500,100,86,80,75,70,64,52,9.3,14.6,8
50,51.59999847,467,865,500,99,86,79,73,69,62,51,9.3,14.6,8
50,51.59999847,467,865,500,100,86,79,73,69,62,51,9.3,14.6,8
50,51.59999847,467,865,500,102,86,80,74,70,64,52,9.3,14.6,8
50,51.59999847,159,986,500,144,115,105,94,85,72,55,9.3,14.6,8
50,51.59999847,159,986,500,144,114,104,94,86,71,55,9.3,14.6,8
50,51.59999847,159,986,500,143,115,105,94,86,71,55,9.3,14.6,8
50,51.59999847,159,986,500,144,115,105,96,87,72,56,9.3,14.6,8
50,51.59999847,241,1407,500,143,110,98,88,81,72,57,9.3,14.6,8
50,51.59999847,215,1912,500,143,110,98,87,80,71,56,9.3,14.6,8
50,51.59999847,235,2000,500,144,113,99,89,82,74,59,9.3,14.6,8
50,51.59999847,235,1955,500,144,112,99,88,82,72,57,9.3,14.6,8
50,51.59999847,364,50,500,124,107,101,94,89,76,56,9.3,14.6,8
50,51.59999847,364,51,500,125,108,102,96,90,76,57,9.3,14.6,8
50,51.59999847,364,51,500,125,108,102,96,89,76,57,9.3,14.6,8
50,51.59999847,364,51,500,125,108,102,96,90,77,57,9.3,14.6,8
50,51.59999847,1000,419,500,108,89,83,79,75,69,56,9.3,14.6,8
50,51.59999847,977,419,500,107,88,83,78,75,67,54,9.3,14.6,8
50,51.59999847,977,419,500,107,89,84,79,76,69,56,9.3,14.6,8
50,51.59999847,977,419,500,109,90,85,80,77,69,56,9.3,14.6,8
50,51.59999847,914,151,500,118,97,90,85,80,72,57,9.3,14.6,8
50,51.59999847,914,151,500,119,99,90,85,80,74,57,9.3,14.6,8
50,51.59999847,914,151,500,118,97,91,85,80,72,57,9.3,14.6,8
50,51.59999847,914,151,500,118,97,90,84,80,72,57,9.3,14.6,8
50,51.59999847,369,874,500,135,103,91,83,78,69,55,9.3,14.6,8
50,51.59999847,369,874,500,136,103,91,83,78,69,54,9.3,14.6,8
50,51.59999847,369,874,500,136,103,91,84,78,69,55,9.3,14.6,8
50,51.59999847,369,874,500,136,104,91,84,79,70,55,9.3,14.6,8
50,51.59999847,364,1771,500,124,100,90,84,80,71,60,9.3,14.6,8
50,51.59999847,851,335,500,124,97,89,84,79,71,57,9.3,14.6,8
50,51.59999847,851,335,500,124,99,90,84,80,71,57,9.3,14.6,8
50,51.59999847,617,661,500,125,99,90,85,80,72,59,9.3,14.6,8
50,51.59999847,471,50,500,162,129,119,111,105,90,67,9.3,14.6,8
50,51.59999847,471,51,500,162,129,119,111,105,91,67,9.3,14.6,8
50,51.59999847,471,51,500,162,129,118,111,104,91,68,9.3,14.6,8
50,51.59999847,471,51,500,161,129,118,110,104,90,67,9.3,14.6,8
112.8000031,102.6999969,325,3000,500,204,69,44,41,40,38,30,9.3,14.6,8
112.8000031,102.6999969,149,3000,500,217,80,48,41,40,37,28,9.3,14.6,8
112.8000031,102.6999969,145,3000,500,215,80,49,42,41,37,28,9.3,14.6,8
112.8000031,102.6999969,144,3000,500,214,80,49,42,41,37,28,9.3,14.6,8
112.8000031,102.6999969,137,3000,500,211,80,49,41,40,36,27,9.3,14.6,8
114.0999985,103.8000031,175,3000,500,190,77,50,45,44,39,30,9.3,14.6,8
114.0999985,103.8000031,195,3000,500,186,76,49,45,44,39,30,9.3,14.6,8
114.0999985,103.8000031,195,3000,500,185,76,49,45,44,39,30,9.3,14.6,8
114.0999985,103.8000031,640,96,500,124,66,54,49,46,39,29,9.3,14.6,8
114.0999985,103.8000031,640,96,500,123,65,53,49,46,39,29,9.3,14.6,8
114.0999985,103.8000031,640,96,500,121,65,53,48,46,39,29,9.3,14.6,8
114.0999985,103.8000031,640,96,500,122,65,54,48,46,40,29,9.3,14.6,8
114.0999985,103.8000031,48,10,500,228,113,69,51,46,43,32,9.3,14.6,8
114.0999985,103.8000031,47,10,500,227,113,70,51,47,43,33,9.3,14.6,8
114.0999985,103.8000031,49,10,500,225,112,69,51,46,43,32,9.3,14.6,8
114.0999985,103.8000031,49,10,500,224,112,70,51,47,43,32,9.3,14.6,8
112.8000031,102.6999969,347,3000,500,284,102,68,64,63,58,46,9.3,14.6,8
112.8000031,102.6999969,341,3000,500,288,105,70,66,65,59,48,9.3,14.6,8
112.8000031,102.6999969,349,3000,500,285,103,69,65,64,58,47,9.3,14.6,8
112.8000031,102.6999969,328,3000,500,284,103,69,64,63,58,46,9.3,14.6,8
112.8000031,102.6999969,167,3000,500,305,120,77,68,66,59,47,9.3,14.6,8
112.8000031,102.6999969,164,3000,500,307,122,78,69,66,61,47,9.3,14.6,8
112.8000031,102.6999969,160,3000,500,307,122,78,68,66,59,47,9.3,14.6,8
112.8000031,102.6999969,166,3000,500,307,122,78,68,66,61,47,9.3,14.6,8
114.0999985,103.8000031,224,3000,500,268,114,76,70,67,62,48,9.3,14.6,8
114.0999985,103.8000031,230,3000,500,273,119,79,72,71,65,51,9.3,14.6,8
114.0999985,103.8000031,216,3000,500,273,118,78,71,69,64,49,9.3,14.6,8
114.0999985,103.8000031,231,3000,500,273,117,78,71,69,64,50,9.3,14.6,8
114.0999985,103.8000031,939,82,500,187,102,84,76,73,64,48,9.3,14.6,8
114.0999985,103.8000031,939,82,500,188,101,84,75,72,64,50,9.3,14.6,8
114.0999985,103.8000031,939,82,500,188,102,85,76,72,65,50,9.3,14.6,8
114.0999985,103.8000031,939,82,500,187,102,85,76,72,65,50,9.3,14.6,8
114.0999985,103.8000031,42,10,500,319,166,106,79,73,67,51,9.3,14.6,8
114.0999985,103.8000031,42,10,500,325,169,108,82,75,68,52,9.3,14.6,8
114.0999985,103.8000031,42,10,500,324,169,108,82,75,68,52,9.3,14.6,8
114.0999985,103.8000031,42,10,500,325,169,108,82,75,68,52,9.3,14.6,8
112.8000031,102.6999969,385,3000,500,352,131,89,83,81,74,59,9.3,14.6,8
112.8000031,102.6999969,381,3000,500,351,130,88,82,80,73,58,9.3,14.6,8
112.8000031,102.6999969,392,3000,500,353,131,89,83,81,74,59,9.3,14.6,8
112.8000031,102.6999969,372,3000,500,353,131,89,82,81,74,58,9.3,14.6,8
112.8000031,102.6999969,186,3000,500,386,154,98,87,84,76,59,9.3,14.6,8
112.8000031,102.6999969,183,3000,500,390,154,98,86,84,76,58,9.3,14.6,8
112.8000031,102.6999969,181,3000,500,390,154,98,86,84,75,58,9.3,14.6,8
112.8000031,102.6999969,182,3000,500,389,152,97,85,83,74,57,9.3,14.6,8
114.0999985,103.8000031,267,3000,500,345,147,98,90,89,81,62,9.3,14.6,8
114.0999985,103.8000031,269,3000,500,348,147,98,90,89,81,62,9.3,14.6,8
114.0999985,103.8000031,265,3000,500,350,148,98,90,89,81,62,9.3,14.6,8
114.0999985,103.8000031,268,3000,500,349,147,98,90,89,81,62,9.3,14.6,8
114.0999985,103.8000031,768,181,500,242,131,108,98,92,82,62,9.3,14.6,8
114.0999985,103.8000031,768,181,500,243,131,108,96,92,82,62,9.3,14.6,8
114.0999985,103.8000031,768,181,500,243,133,110,100,95,84,64,9.3,14.6,8
114.0999985,103.8000031,768,181,500,241,132,109,98,93,82,63,9.3,14.6,8
114.0999985,103.8000031,47,10,500,407,211,136,103,95,86,64,9.3,14.6,8
114.0999985,103.8000031,47,10,500,411,212,137,103,95,85,64,9.3,14.6,8
114.0999985,103.8000031,5,10,500,413,216,139,107,98,89,67,9.3,14.6,8
114.0999985,103.8000031,5,10,500,411,212,137,105,96,87,66,9.3,14.6,8
112.8000031,102.6999969,488,2725,500,437,163,112,105,102,93,74,9.3,14.6,8
112.8000031,102.6999969,490,2610,500,440,166,112,105,103,94,74,9.3,14.6,8
112.8000031,102.6999969,506,3000,500,441,164,112,105,102,94,75,9.3,14.6,8
112.8000031,102.6999969,476,2730,500,440,166,112,105,103,94,74,9.3,14.6,8
112.8000031,102.6999969,208,3000,500,488,195,125,110,108,96,74,9.3,14.6,8
112.8000031,102.6999969,215,3000,500,492,196,125,111,108,98,75,9.3,14.6,8
112.8000031,102.6999969,208,3000,500,490,196,125,111,108,98,75,9.3,14.6,8
112.8000031,102.6999969,204,3000,500,491,196,126,111,109,98,75,9.3,14.6,8
114.0999985,103.8000031,309,2759,500,442,187,125,115,113,102,79,9.3,14.6,8
114.0999985,103.8000031,303,2896,500,444,188,125,115,113,103,79,9.3,14.6,8
114.0999985,103.8000031,303,2890,500,444,188,125,115,113,103,79,9.3,14.6,8
114.0999985,103.8000031,297,2855,500,445,190,125,115,114,103,79,9.3,14.6,8
114.0999985,103.8000031,771,191,500,307,166,137,123,117,103,78,9.3,14.6,8
114.0999985,103.8000031,771,191,500,310,168,139,125,119,104,78,9.3,14.6,8
114.0999985,103.8000031,771,191,500,310,169,139,125,120,104,78,9.3,14.6,8
114.0999985,103.8000031,771,191,500,308,168,139,125,119,104,78,9.3,14.6,8
114.0999985,103.8000031,5,10,500,516,269,175,134,122,110,83,9.3,14.6,8
114.0999985,103.8000031,5,10,500,517,270,174,134,122,111,83,9.3,14.6,8
114.0999985,103.8000031,5,10,500,520,271,176,134,123,111,83,9.3,14.6,8
114.0999985,103.8000031,5,10,500,518,271,174,134,122,110,83,9.3,14.6,8
111,101.3000031,204,954,500,114,69,56,50,46,41,32,9.3,14.6,8
111,101.3000031,204,954,500,114,69,56,50,47,41,32,9.3,14.6,8
111,101.3000031,204,954,500,113,68,56,50,47,41,32,9.3,14.6,8
111,101.3000031,265,608,500,114,68,56,49,47,41,32,9.3,14.6,8
111.9000015,102.4000015,159,1102,500,155,80,56,46,44,38,28,9.3,14.6,8
111.9000015,102.4000015,178,702,500,153,78,56,47,44,38,28,9.3,14.6,8
111.9000015,102.4000015,178,702,500,152,78,57,47,44,38,28,9.3,14.6,8
111.9000015,102.4000015,133,2539,500,153,80,57,47,44,38,29,9.3,14.6,8
111.9000015,102.4000015,176,3000,500,144,72,53,44,41,37,29,9.3,14.6,8
111.9000015,102.4000015,187,3000,500,143,73,54,45,41,39,30,9.3,14.6,8
111.9000015,102.4000015,176,3000,500,141,72,53,42,40,37,28,9.3,14.6,8
111.9000015,102.4000015,187,3000,500,140,71,52,42,40,37,28,9.3,14.6,8
111.9000015,102.4000015,90,3000,500,188,97,66,54,50,44,33,9.3,14.6,8
111.9000015,102.4000015,90,1849,500,185,95,64,53,49,41,30,9.3,14.6,8
111.9000015,102.4000015,90,3000,500,184,96,63,54,48,41,32,9.3,14.6,8
111.9000015,102.4000015,90,2052,500,182,94,64,53,48,41,30,9.3,14.6,8
111.9000015,102.4000015,692,10,500,184,89,57,49,46,40,32,9.3,14.6,8
111.9000015,102.4000015,657,10,500,180,90,58,49,47,41,33,9.3,14.6,8
111.9000015,102.4000015,658,10,500,180,89,58,49,46,41,33,9.3,14.6,8
111.9000015,102.4000015,688,10,500,179,89,57,49,46,41,32,9.3,14.6,8
111.9000015,102.4000015,83,3000,500,210,101,63,53,50,45,32,9.3,14.6,8
111.9000015,102.4000015,82,3000,500,210,102,64,54,52,45,33,9.3,14.6,8
111.9000015,102.4000015,84,3000,500,207,100,63,53,50,44,32,9.3,14.6,8
111.9000015,102.4000015,85,3000,500,205,99,63,52,49,43,32,9.3,14.6,8
114.4000015,103.8000031,78,3000,500,235,102,65,49,46,43,33,9.3,14.6,8
114.4000015,103.8000031,81,3000,500,230,100,64,49,46,43,33,9.3,14.6,8
114.4000015,103.8000031,79,3000,500,230,102,66,50,47,44,34,9.3,14.6,8
114.4000015,103.8000031,83,3000,500,229,103,66,51,48,45,35,9.3,14.6,8
114.4000015,103.8000031,5,10,500,226,105,59,46,45,43,34,9.3,14.6,8
114.4000015,103.8000031,5,10,500,223,101,58,44,43,40,32,9.3,14.6,8
114.4000015,103.8000031,69,3000,500,235,111,75,63,59,53,39,9.3,14.6,8
114.4000015,103.8000031,62,3000,500,229,107,71,58,55,47,33,9.3,14.6,8
114.4000015,103.8000031,69,3000,500,232,110,75,62,59,52,38,9.3,14.6,8
114.4000015,103.8000031,69,3000,500,230,109,75,61,58,52,38,9.3,14.6,8
111,101.3000031,396,366,500,169,102,85,76,73,65,50,9.3,14.6,8
111,101.3000031,369,607,500,172,105,86,78,75,67,53,9.3,14.6,8
111,101.3000031,369,607,500,171,105,86,78,74,66,51,9.3,14.6,8
111,101.3000031,369,607,500,172,105,88,78,74,66,52,9.3,14.6,8
111.9000015,102.4000015,139,3000,500,222,118,86,73,67,59,46,9.3,14.6,8
111.9000015,102.4000015,148,2357,500,226,120,89,74,69,62,47,9.3,14.6,8
111.9000015,102.4000015,152,3000,500,227,121,90,76,71,63,50,9.3,14.6,8
111.9000015,102.4000015,147,2401,500,226,120,89,74,69,62,47,9.3,14.6,8
111.9000015,102.4000015,198,3000,500,206,108,82,69,65,59,47,9.3,14.6,8
111.9000015,102.4000015,198,2932,500,207,108,82,69,65,59,46,9.3,14.6,8
111.9000015,102.4000015,196,3000,500,205,108,81,68,65,59,46,9.3,14.6,8
111.9000015,102.4000015,196,2932,500,206,108,81,68,65,59,47,9.3,14.6,8
111.9000015,102.4000015,124,1017,500,264,138,98,83,77,65,49,9.3,14.6,8
111.9000015,102.4000015,106,2499,500,267,144,100,86,78,67,52,9.3,14.6,8
111.9000015,102.4000015,110,2518,500,267,143,99,85,78,67,52,9.3,14.6,8
111.9000015,102.4000015,116,1470,500,266,140,99,84,77,66,50,9.3,14.6,8
111.9000015,102.4000015,622,10,500,257,133,89,76,72,65,51,9.3,14.6,8
111.9000015,102.4000015,557,10,500,263,136,93,79,76,68,54,9.3,14.6,8
111.9000015,102.4000015,603,10,500,262,134,91,77,73,66,52,9.3,14.6,8
111.9000015,102.4000015,567,10,500,263,136,92,79,75,67,54,9.3,14.6,8
111.9000015,102.4000015,92,3000,500,291,149,98,84,78,69,51,9.3,14.6,8
111.9000015,102.4000015,94,3000,500,295,152,100,85,81,71,53,9.3,14.6,8
111.9000015,102.4000015,96,3000,500,295,152,99,85,80,71,53,9.3,14.6,8
111.9000015,102.4000015,97,3000,500,295,151,99,86,81,72,53,9.3,14.6,8
114.4000015,103.8000031,93,3000,500,307,146,96,76,72,66,51,9.3,14.6,8
114.4000015,103.8000031,94,3000,500,315,150,99,79,75,69,54,9.3,14.6,8
114.4000015,103.8000031,98,3000,500,312,148,98,78,74,69,54,9.3,14.6,8
114.4000015,103.8000031,96,3000,500,313,149,99,78,74,69,54,9.3,14.6,8
114.4000015,103.8000031,5,10,500,313,148,91,71,69,66,52,9.3,14.6,8
114.4000015,103.8000031,5,10,500,316,148,90,70,69,65,52,9.3,14.6,8
114.4000015,103.8000031,5,10,500,316,148,91,71,69,66,52,9.3,14.6,8
114.4000015,103.8000031,5,10,500,314,147,90,70,68,65,51,9.3,14.6,8
114.4000015,103.8000031,78,3000,500,319,161,113,95,91,80,59,9.3,14.6,8
114.4000015,103.8000031,77,3000,500,327,164,117,98,93,83,61,9.3,14.6,8
114.4000015,103.8000031,76,3000,500,324,163,116,96,91,81,60,9.3,14.6,8
114.4000015,103.8000031,75,3000,500,327,164,117,97,92,82,60,9.3,14.6,8
111,101.3000031,367,486,500,217,133,110,99,94,84,65,9.3,14.6,8
111,101.3000031,367,486,500,217,133,110,99,95,84,65,9.3,14.6,8
111,101.3000031,367,486,500,218,134,110,99,94,84,64,9.3,14.6,8
111,101.3000031,367,486,500,218,134,111,100,95,85,66,9.3,14.6,8
111.9000015,102.4000015,183,1503,500,286,151,113,96,90,80,61,9.3,14.6,8
111.9000015,102.4000015,173,1717,500,286,151,112,95,89,78,60,9.3,14.6,8
111.9000015,102.4000015,173,1717,500,286,149,111,94,87,77,59,9.3,14.6,8
111.9000015,102.4000015,173,1717,500,286,150,112,94,89,78,60,9.3,14.6,8
111.9000015,102.4000015,217,3000,500,266,142,108,91,87,80,63,9.3,14.6,8
111.9000015,102.4000015,210,3000,500,265,139,107,89,85,77,61,9.3,14.6,8
111.9000015,102.4000015,214,3000,500,264,138,105,88,84,76,60,9.3,14.6,8
111.9000015,102.4000015,214,2932,500,264,139,106,89,85,77,60,9.3,14.6,8
111.9000015,102.4000015,136,706,500,333,178,126,108,99,83,62,9.3,14.6,8
111.9000015,102.4000015,135,888,500,336,179,126,108,99,84,63,9.3,14.6,8
111.9000015,102.4000015,135,775,500,337,179,126,107,99,83,62,9.3,14.6,8
111.9000015,102.4000015,132,1140,500,337,180,127,109,101,85,65,9.3,14.6,8
111.9000015,102.4000015,680,10,500,329,171,117,101,96,86,67,9.3,14.6,8
111.9000015,102.4000015,720,10,500,331,169,116,100,94,84,66,9.3,14.6,8
111.9000015,102.4000015,709,10,500,332,169,116,100,94,85,66,9.3,14.6,8
111.9000015,102.4000015,687,10,500,335,170,117,101,96,86,67,9.3,14.6,8
111.9000015,102.4000015,113,2241,500,367,192,127,110,103,91,67,9.3,14.6,8
111.9000015,102.4000015,111,1824,500,368,191,127,109,102,89,65,9.3,14.6,8
111.9000015,102.4000015,112,1793,500,369,192,129,110,103,91,66,9.3,14.6,8
111.9000015,102.4000015,113,1906,500,368,190,126,108,102,89,65,9.3,14.6,8
114.4000015,103.8000031,111,3000,500,378,184,124,99,94,86,66,9.3,14.6,8
114.4000015,103.8000031,108,3000,500,381,185,124,98,93,85,65,9.3,14.6,8
114.4000015,103.8000031,110,3000,500,381,184,124,99,93,85,66,9.3,14.6,8
114.4000015,103.8000031,109,3000,500,383,186,125,100,95,87,66,9.3,14.6,8
114.4000015,103.8000031,5,10,500,388,185,116,91,90,84,66,9.3,14.6,8
114.4000015,103.8000031,5,10,500,391,186,117,93,91,85,67,9.3,14.6,8
114.4000015,103.8000031,5,10,500,390,184,115,90,89,83,65,9.3,14.6,8
114.4000015,103.8000031,5,10,500,391,184,115,90,89,83,64,9.3,14.6,8
114.4000015,103.8000031,91,1956,500,402,207,149,125,118,104,76,9.3,14.6,8
114.4000015,103.8000031,88,2526,500,405,208,150,125,118,105,77,9.3,14.6,8
114.4000015,103.8000031,91,1882,500,405,208,149,125,119,104,76,9.3,14.6,8
114.4000015,103.8000031,89,2106,500,405,208,149,125,118,104,76,9.3,14.6,8
111,101.3000031,464,397,500,277,169,140,126,121,108,83,9.3,14.6,8
111,101.3000031,464,397,500,277,169,140,127,121,108,83,9.3,14.6,8
111,101.3000031,464,397,500,278,169,142,127,121,109,84,9.3,14.6,8
111,101.3000031,464,397,500,277,169,140,127,121,108,83,9.3,14.6,8
111.9000015,102.4000015,193,1322,500,356,188,142,120,112,99,75,9.3,14.6,8
111.9000015,102.4000015,193,1322,500,358,191,142,121,113,100,76,9.3,14.6,8
111.9000015,102.4000015,193,1322,500,358,190,140,120,111,98,74,9.3,14.6,8
111.9000015,102.4000015,193,1322,500,356,188,142,121,112,99,75,9.3,14.6,8
111.9000015,102.4000015,214,2637,500,330,174,132,112,106,95,74,9.3,14.6,8
111.9000015,102.4000015,214,2637,500,333,176,134,113,108,98,76,9.3,14.6,8
111.9000015,102.4000015,214,2637,500,331,175,133,112,106,96,74,9.3,14.6,8
111.9000015,102.4000015,214,2637,500,331,173,132,111,105,95,73,9.3,14.6,8
111.9000015,102.4000015,151,609,500,418,223,160,136,126,105,78,9.3,14.6,8
111.9000015,102.4000015,143,725,500,419,222,159,135,123,104,77,9.3,14.6,8
111.9000015,102.4000015,143,840,500,423,225,161,137,127,106,80,9.3,14.6,8
111.9000015,102.4000015,137,908,500,423,227,160,136,126,105,79,9.3,14.6,8
111.9000015,102.4000015,875,10,500,417,212,146,126,120,108,84,9.3,14.6,8
111.9000015,102.4000015,884,10,500,419,212,146,126,120,106,84,9.3,14.6,8
111.9000015,102.4000015,854,10,500,421,215,147,127,121,108,85,9.3,14.6,8
111.9000015,102.4000015,851,10,500,421,215,147,127,121,109,85,9.3,14.6,8
111.9000015,102.4000015,142,1445,500,459,239,162,139,131,113,85,9.3,14.6,8
111.9000015,102.4000015,142,1272,500,463,242,163,140,132,115,85,9.3,14.6,8
111.9000015,102.4000015,139,1430,500,457,237,161,138,130,112,84,9.3,14.6,8
111.9000015,102.4000015,142,1236,500,462,240,162,139,131,113,84,9.3,14.6,8
114.4000015,103.8000031,132,3000,500,468,231,156,125,119,108,83,9.3,14.6,8
114.4000015,103.8000031,131,3000,500,473,232,158,126,120,109,84,9.3,14.6,8
114.4000015,103.8000031,129,3000,500,473,232,157,125,119,109,83,9.3,14.6,8
114.4000015,103.8000031,132,3000,500,471,232,158,127,121,110,85,9.3,14.6,8
114.4000015,103.8000031,5,10,500,481,231,146,117,114,106,84,9.3,14.6,8
114.4000015,103.8000031,5,10,500,482,230,145,115,113,105,83,9.3,14.6,8
114.4000015,103.8000031,5,10,500,484,231,146,117,114,106,84,9.3,14.6,8
114.4000015,103.8000031,5,10,500,484,231,146,118,114,108,85,9.3,14.6,8
114.4000015,103.8000031,120,1034,500,501,261,189,160,151,132,97,9.3,14.6,8
114.4000015,103.8000031,116,1105,500,505,262,190,160,151,133,97,9.3,14.6,8
114.4000015,103.8000031,118,937,500,506,262,189,160,151,132,96,9.3,14.6,8
114.4000015,103.8000031,112,1260,500,505,260,189,159,149,131,96,9.3,14.6,8
56.79999924,51.40000153,1000,1903,500,52,32,31,29,28,26,21,9.3,14.6,8
56.79999924,51.40000153,1000,2000,500,52,33,31,30,29,26,22,9.3,14.6,8
56.79999924,51.40000153,1000,1041,500,50,31,29,28,27,24,19,9.3,14.6,8
56.79999924,51.40000153,1000,608,500,47,35,33,31,30,27,22,9.3,14.6,8
56.79999924,51.40000153,977,608,500,47,35,32,31,30,27,22,9.3,14.6,8
56.79999924,51.40000153,1000,405,500,47,35,32,31,30,27,21,9.3,14.6,8
56.79999924,51.40000153,1000,390,500,47,35,32,31,30,27,21,9.3,14.6,8
56.79999924,51.40000153,1000,579,500,42,32,31,28,27,25,20,9.3,14.6,8
56.79999924,51.40000153,977,579,500,42,32,31,28,27,25,20,9.3,14.6,8
56.79999924,51.40000153,1000,268,500,42,32,30,29,27,24,19,9.3,14.6,8
56.79999924,51.40000153,1000,547,500,42,32,31,28,27,25,20,9.3,14.6,8
56.79999924,51.40000153,333,284,500,57,44,41,37,34,30,23,9.3,14.6,8
56.79999924,51.40000153,317,222,500,57,44,41,38,34,30,22,9.3,14.6,8
56.79999924,51.40000153,356,243,500,57,44,41,38,34,30,23,9.3,14.6,8
56.79999924,51.40000153,309,340,500,57,44,42,37,33,30,23,9.3,14.6,8
56.79999924,51.40000153,367,559,500,48,39,37,35,32,28,23,9.3,14.6,8
56.79999924,51.40000153,566,206,500,49,39,38,36,32,29,23,9.3,14.6,8
56.79999924,51.40000153,566,206,500,48,39,37,35,32,28,23,9.3,14.6,8
56.79999924,51.40000153,566,206,500,48,39,37,35,32,29,23,9.3,14.6,8
55.79999924,51.29999924,286,219,500,58,45,42,39,35,30,23,9.3,14.6,8
55.79999924,51.29999924,309,212,500,58,45,42,39,35,30,23,9.3,14.6,8
55.79999924,51.29999924,309,212,500,58,45,42,38,35,30,22,9.3,14.6,8
55.79999924,51.29999924,309,212,500,58,45,42,39,35,30,23,9.3,14.6,8
55.79999924,51.29999924,437,2000,500,49,39,36,34,32,29,25,9.3,14.6,8
55.79999924,51.29999924,596,2000,500,49,38,36,34,32,29,26,9.3,14.6,8
55.79999924,51.29999924,593,2000,500,48,37,36,34,31,28,26,9.3,14.6,8
55.79999924,51.29999924,488,1187,500,48,37,36,34,31,28,24,9.3,14.6,8
55.79999924,51.29999924,297,976,500,49,40,37,35,33,29,23,9.3,14.6,8
55.79999924,51.29999924,459,496,500,48,40,37,35,33,30,24,9.3,14.6,8
55.79999924,51.29999924,459,496,500,48,40,37,35,33,29,23,9.3,14.6,8
55.79999924,51.29999924,482,450,500,49,40,36,35,33,29,23,9.3,14.6,8
55.79999924,51.29999924,128,2000,500,77,58,47,38,34,30,24,9.3,14.6,8
55.79999924,51.29999924,135,1986,500,77,58,46,38,35,30,24,9.3,14.6,8
55.79999924,51.29999924,126,2000,500,76,56,46,38,33,29,23,9.3,14.6,8
55.79999924,51.29999924,137,2000,500,77,58,46,38,35,31,24,9.3,14.6,8
55.79999924,51.29999924,283,1322,500,60,45,39,36,33,30,24,9.3,14.6,8
55.79999924,51.29999924,323,747,500,60,44,39,35,33,29,23,9.3,14.6,8
55.79999924,51.29999924,323,747,500,59,44,39,35,33,29,24,9.3,14.6,8
55.79999924,51.29999924,323,747,500,59,44,39,36,33,29,23,9.3,14.6,8
55.79999924,51.29999924,252,282,500,65,51,47,43,39,34,26,9.3,14.6,8
55.79999924,51.29999924,252,282,500,65,51,46,42,38,33,25,9.3,14.6,8
55.79999924,51.29999924,252,282,500,65,52,46,43,39,34,26,9.3,14.6,8
55.79999924,51.29999924,252,282,500,65,52,47,43,39,34,26,9.3,14.6,8
56.79999924,51.40000153,1000,2000,500,74,48,45,43,42,38,32,9.3,14.6,8
56.79999924,51.40000153,1000,1782,500,73,48,44,43,41,37,31,9.3,14.6,8
56.79999924,51.40000153,1000,1250,500,74,49,45,44,42,38,31,9.3,14.6,8
56.79999924,51.40000153,1000,1990,500,75,49,45,44,42,38,32,9.3,14.6,8
56.79999924,51.40000153,1000,375,500,69,52,49,47,45,41,32,9.3,14.6,8
56.79999924,51.40000153,977,375,500,69,53,49,47,45,41,33,9.3,14.6,8
56.79999924,51.40000153,1000,361,500,70,52,49,47,45,40,32,9.3,14.6,8
56.79999924,51.40000153,977,361,500,70,52,49,47,44,41,33,9.3,14.6,8
56.79999924,51.40000153,977,547,500,63,48,45,42,40,37,30,9.3,14.6,8
56.79999924,51.40000153,977,547,500,63,48,45,42,40,36,30,9.3,14.6,8
56.79999924,51.40000153,977,547,500,63,48,45,42,40,37,30,9.3,14.6,8
56.79999924,51.40000153,977,547,500,63,48,45,42,40,37,30,9.3,14.6,8
56.79999924,51.40000153,352,240,500,86,66,62,56,51,46,34,9.3,14.6,8
56.79999924,51.40000153,432,129,500,85,65,62,55,50,45,33,9.3,14.6,8
56.79999924,51.40000153,402,132,500,87,66,64,57,51,46,34,9.3,14.6,8
56.79999924,51.40000153,402,132,500,86,66,62,56,51,46,34,9.3,14.6,8
56.79999924,51.40000153,566,206,500,71,59,55,52,49,42,34,9.3,14.6,8
56.79999924,51.40000153,566,206,500,72,59,55,53,49,43,34,9.3,14.6,8
56.79999924,51.40000153,566,206,500,71,59,55,53,49,43,34,9.3,14.6,8
56.79999924,51.40000153,566,206,500,71,59,55,53,48,42,34,9.3,14.6,8
55.79999924,51.29999924,309,212,500,85,67,62,57,52,45,34,9.3,14.6,8
55.79999924,51.29999924,309,212,500,85,67,62,57,52,45,34,9.3,14.6,8
55.79999924,51.29999924,309,212,500,86,68,62,57,53,45,35,9.3,14.6,8
55.79999924,51.29999924,309,212,500,85,67,62,57,53,45,34,9.3,14.6,8
55.79999924,51.29999924,585,611,500,73,58,53,50,48,43,35,9.3,14.6,8
55.79999924,51.29999924,585,611,500,74,58,52,49,47,43,35,9.3,14.6,8
55.79999924,51.29999924,585,611,500,74,58,53,49,48,43,34,9.3,14.6,8
55.79999924,51.29999924,585,611,500,74,57,53,50,48,43,36,9.3,14.6,8
55.79999924,51.29999924,729,271,500,75,60,55,52,49,45,35,9.3,14.6,8
55.79999924,51.29999924,729,271,500,75,60,55,52,49,44,35,9.3,14.6,8
55.79999924,51.29999924,729,271,500,75,60,55,52,49,44,35,9.3,14.6,8
55.79999924,51.29999924,729,271,500,75,59,55,51,49,44,35,9.3,14.6,8
55.79999924,51.29999924,152,2000,500,113,85,69,58,52,47,38,9.3,14.6,8
55.79999924,51.29999924,137,2000,500,114,85,69,57,51,46,36,9.3,14.6,8
55.79999924,51.29999924,131,2000,500,113,84,69,57,50,45,35,9.3,14.6,8
55.79999924,51.29999924,133,2000,500,112,83,69,57,49,44,35,9.3,14.6,8
55.79999924,51.29999924,268,1451,500,89,66,59,53,50,44,36,9.3,14.6,8
55.79999924,51.29999924,317,1086,500,93,69,61,56,52,47,38,9.3,14.6,8
55.79999924,51.29999924,311,1017,500,90,67,59,54,50,45,36,9.3,14.6,8
55.79999924,51.29999924,311,1017,500,91,67,59,54,50,45,36,9.3,14.6,8
55.79999924,51.29999924,256,408,500,98,77,69,63,59,51,40,9.3,14.6,8
55.79999924,51.29999924,256,408,500,98,77,70,63,59,51,40,9.3,14.6,8
55.79999924,51.29999924,256,408,500,98,77,70,64,59,51,40,9.3,14.6,8
55.79999924,51.29999924,256,408,500,98,77,70,64,59,51,40,9.3,14.6,8
56.79999924,51.40000153,1000,1557,500,95,62,58,56,54,49,40,9.3,14.6,8
56.79999924,51.40000153,1000,1655,500,95,62,58,56,53,49,40,9.3,14.6,8
56.79999924,51.40000153,1000,1654,500,95,62,58,56,53,49,40,9.3,14.6,8
56.79999924,51.40000153,1000,1539,500,94,62,58,56,53,48,40,9.3,14.6,8
56.79999924,51.40000153,1000,522,500,90,68,63,60,58,53,42,9.3,14.6,8
56.79999924,51.40000153,1000,518,500,90,67,62,59,57,52,41,9.3,14.6,8
56.79999924,51.40000153,977,518,500,90,68,63,60,57,52,42,9.3,14.6,8
56.79999924,51.40000153,977,518,500,90,67,63,60,57,52,41,9.3,14.6,8
56.79999924,51.40000153,935,664,500,80,62,57,54,51,46,38,9.3,14.6,8
56.79999924,51.40000153,935,664,500,80,62,57,54,52,47,38,9.3,14.6,8
56.79999924,51.40000153,935,664,500,80,61,57,53,51,46,38,9.3,14.6,8
56.79999924,51.40000153,935,664,500,80,62,57,54,51,47,38,9.3,14.6,8
56.79999924,51.40000153,414,158,500,110,85,79,71,65,58,43,9.3,14.6,8
56.79999924,51.40000153,414,158,500,110,85,79,71,66,58,43,9.3,14.6,8
56.79999924,51.40000153,414,158,500,110,85,80,72,66,58,43,9.3,14.6,8
56.79999924,51.40000153,414,158,500,109,85,79,71,65,57,43,9.3,14.6,8
56.79999924,51.40000153,521,188,500,91,75,71,67,62,54,43,9.3,14.6,8
56.79999924,51.40000153,521,188,500,92,75,71,67,62,54,43,9.3,14.6,8
56.79999924,51.40000153,521,188,500,92,76,71,67,62,54,43,9.3,14.6,8
56.79999924,51.40000153,521,188,500,92,76,71,68,62,54,43,9.3,14.6,8
55.79999924,51.29999924,301,189,500,110,87,80,73,67,57,43,9.3,14.6,8
55.79999924,51.29999924,301,189,500,110,87,80,74,68,57,44,9.3,14.6,8
55.79999924,51.29999924,301,189,500,110,87,80,74,68,58,44,9.3,14.6,8
55.79999924,51.29999924,301,189,500,111,87,81,74,68,58,44,9.3,14.6,8
55.79999924,51.29999924,791,573,500,92,73,67,63,60,55,45,9.3,14.6,8
55.79999924,51.29999924,791,573,500,93,72,68,64,61,55,46,9.3,14.6,8
55.79999924,51.29999924,791,573,500,93,73,68,64,61,55,47,9.3,14.6,8
55.79999924,51.29999924,791,573,500,93,73,68,64,61,55,46,9.3,14.6,8
55.79999924,51.29999924,903,152,500,95,76,70,66,62,56,44,9.3,14.6,8
55.79999924,51.29999924,706,276,500,96,78,71,67,63,57,45,9.3,14.6,8
55.79999924,51.29999924,706,276,500,96,77,70,67,63,56,44,9.3,14.6,8
55.79999924,51.29999924,706,276,500,95,77,70,66,63,56,44,9.3,14.6,8
55.79999924,51.29999924,129,2000,500,143,107,87,72,64,56,43,9.3,14.6,8
55.79999924,51.29999924,145,2000,500,143,108,88,73,65,58,46,9.3,14.6,8
55.79999924,51.29999924,145,2000,500,144,108,88,73,66,58,46,9.3,14.6,8
55.79999924,51.29999924,140,2000,500,143,107,88,73,65,58,45,9.3,14.6,8
55.79999924,51.29999924,316,1187,500,114,85,75,68,64,57,46,9.3,14.6,8
55.79999924,51.29999924,316,1187,500,114,85,75,68,64,56,45,9.3,14.6,8
55.79999924,51.29999924,316,1187,500,114,85,75,69,64,57,46,9.3,14.6,8
55.79999924,51.29999924,316,1187,500,113,85,75,68,64,56,45,9.3,14.6,8
55.79999924,51.29999924,244,347,500,125,99,89,81,75,65,50,9.3,14.6,8
55.79999924,51.29999924,244,347,500,126,99,89,82,76,65,50,9.3,14.6,8
55.79999924,51.29999924,244,347,500,126,100,90,82,76,65,51,9.3,14.6,8
55.79999924,51.29999924,244,347,500,126,100,90,82,76,66,51,9.3,14.6,8
56.79999924,51.40000153,1000,1584,500,122,80,75,71,69,62,51,9.3,14.6,8
56.79999924,51.40000153,1000,1170,500,122,80,75,72,69,62,50,9.3,14.6,8
56.79999924,51.40000153,1000,1727,500,122,80,74,71,69,62,51,9.3,14.6,8
56.79999924,51.40000153,1000,1469,500,122,80,75,72,69,62,51,9.3,14.6,8
56.79999924,51.40000153,1000,464,500,117,88,81,77,74,67,53,9.3,14.6,8
56.79999924,51.40000153,977,464,500,117,87,80,77,73,66,52,9.3,14.6,8
56.79999924,51.40000153,977,464,500,117,88,81,78,74,67,53,9.3,14.6,8
56.79999924,51.40000153,977,464,500,117,88,81,77,74,67,53,9.3,14.6,8
56.79999924,51.40000153,1000,509,500,105,79,73,69,66,59,47,9.3,14.6,8
56.79999924,51.40000153,977,509,500,105,80,74,69,66,60,49,9.3,14.6,8
56.79999924,51.40000153,977,509,500,104,80,74,69,66,60,48,9.3,14.6,8
56.79999924,51.40000153,977,509,500,104,80,74,69,66,60,49,9.3,14.6,8
56.79999924,51.40000153,435,113,500,144,112,102,93,86,74,55,9.3,14.6,8
56.79999924,51.40000153,435,113,500,145,112,103,94,86,74,56,9.3,14.6,8
56.79999924,51.40000153,435,113,500,144,111,103,93,86,74,55,9.3,14.6,8
56.79999924,51.40000153,435,113,500,144,112,103,93,86,74,55,9.3,14.6,8
56.79999924,51.40000153,464,235,500,118,97,92,87,80,69,55,9.3,14.6,8
56.79999924,51.40000153,464,235,500,118,97,91,86,79,69,54,9.3,14.6,8
56.79999924,51.40000153,464,235,500,118,97,92,87,80,69,55,9.3,14.6,8
56.79999924,51.40000153,464,235,500,119,97,92,87,80,70,55,9.3,14.6,8
55.79999924,51.29999924,385,99,500,143,113,104,95,88,74,55,9.3,14.6,8
55.79999924,51.29999924,385,99,500,143,113,104,96,88,74,55,9.3,14.6,8
55.79999924,51.29999924,385,99,500,143,113,104,96,88,74,56,9.3,14.6,8
55.79999924,51.29999924,385,99,500,142,112,103,94,87,73,54,9.3,14.6,8
55.79999924,51.29999924,1000,355,500,121,95,87,82,78,71,57,9.3,14.6,8
55.79999924,51.29999924,977,355,500,121,95,87,82,78,71,56,9.3,14.6,8
55.79999924,51.29999924,977,355,500,121,95,87,81,78,70,56,9.3,14.6,8
55.79999924,51.29999924,977,355,500,121,95,87,82,78,71,56,9.3,14.6,8
55.79999924,51.29999924,908,167,500,125,100,91,85,81,73,57,9.3,14.6,8
55.79999924,51.29999924,908,167,500,125,100,91,85,81,73,56,9.3,14.6,8
55.79999924,51.29999924,908,167,500,125,99,91,85,81,72,56,9.3,14.6,8
55.79999924,51.29999924,908,167,500,125,100,92,86,82,74,57,9.3,14.6,8
55.79999924,51.29999924,152,2000,500,185,139,112,92,86,74,58,9.3,14.6,8
55.79999924,51.29999924,146,2000,500,188,140,114,94,86,75,58,9.3,14.6,8
55.79999924,51.29999924,149,2000,500,186,139,113,93,85,74,58,9.3,14.6,8
55.79999924,51.29999924,148,2000,500,186,140,113,93,86,75,58,9.3,14.6,8
55.79999924,51.29999924,298,1186,500,148,109,96,87,81,71,57,9.3,14.6,8
55.79999924,51.29999924,298,1186,500,149,111,97,89,83,73,58,9.3,14.6,8
55.79999924,51.29999924,298,1186,500,149,110,97,88,82,72,58,9.3,14.6,8
55.79999924,51.29999924,298,1186,500,148,110,97,88,82,72,58,9.3,14.6,8
55.79999924,51.29999924,246,366,500,164,129,116,106,98,84,65,9.3,14.6,8
55.79999924,51.29999924,246,366,500,165,130,116,106,98,83,65,9.3,14.6,8
55.79999924,51.29999924,246,366,500,165,130,116,106,98,84,65,9.3,14.6,8
55.79999924,51.29999924,246,366,500,165,130,116,106,98,84,65,9.3,14.6,8
55.79999924,51.29999924,1000,51,500,43,37,35,34,32,29,23,9.3,14.6,8
55.79999924,51.29999924,670,50,500,42,37,35,33,32,28,22,9.3,14.6,8
55.79999924,51.29999924,670,51,500,42,36,35,33,31,28,22,9.3,14.6,8
55.79999924,51.29999924,670,51,500,42,37,35,33,32,28,22,9.3,14.6,8
55.79999924,51.29999924,771,63,500,43,37,34,32,30,27,21,9.3,14.6,8
55.79999924,51.29999924,808,50,500,43,37,35,33,31,28,22,9.3,14.6,8
55.79999924,51.29999924,808,51,500,43,37,35,33,31,28,22,9.3,14.6,8
55.79999924,51.29999924,808,51,500,43,37,34,33,31,28,22,9.3,14.6,8
55.79999924,51.29999924,965,390,500,39,33,31,29,27,25,21,9.3,14.6,8
55.79999924,51.29999924,965,390,500,40,33,31,29,27,25,20,9.3,14.6,8
55.79999924,51.29999924,965,390,500,40,33,31,29,27,25,20,9.3,14.6,8
55.79999924,51.29999924,747,755,500,39,32,30,28,27,24,20,9.3,14.6,8
55.79999924,51.29999924,166,389,500,59,48,44,40,36,30,23,9.3,14.6,8
55.79999924,51.29999924,155,623,500,59,49,44,40,36,30,24,9.3,14.6,8
55.79999924,51.29999924,155,623,500,59,48,44,40,36,30,24,9.3,14.6,8
55.79999924,51.29999924,108,1184,500,59,48,43,39,35,29,22,9.3,14.6,8
57.59999847,52.90000153,247,600,500,51,42,40,37,34,30,24,9.3,14.6,8
57.59999847,52.90000153,266,468,500,52,43,39,37,34,30,23,9.3,14.6,8
57.59999847,52.90000153,266,468,500,51,43,40,37,34,30,23,9.3,14.6,8
57.59999847,52.90000153,313,386,500,52,42,40,38,35,31,24,9.3,14.6,8
57.59999847,52.90000153,214,281,500,55,46,43,40,37,32,24,9.3,14.6,8
57.59999847,52.90000153,213,243,500,54,45,42,39,37,31,23,9.3,14.6,8
57.59999847,52.90000153,213,243,500,55,45,43,40,36,31,24,9.3,14.6,8
57.59999847,52.90000153,249,176,500,55,46,43,40,38,32,24,9.3,14.6,8
57.59999847,52.90000153,631,1173,500,48,37,35,33,31,28,24,9.3,14.6,8
57.59999847,52.90000153,461,2000,500,48,37,35,34,30,28,24,9.3,14.6,8
57.59999847,52.90000153,558,2000,500,48,37,35,34,31,28,25,9.3,14.6,8
57.59999847,52.90000153,490,502,500,53,40,37,35,33,29,23,9.3,14.6,8
57.59999847,52.90000153,763,360,500,53,41,37,35,33,30,24,9.3,14.6,8
57.59999847,52.90000153,660,224,500,53,40,38,36,34,29,23,9.3,14.6,8
57.59999847,52.90000153,660,224,500,53,41,38,35,33,30,24,9.3,14.6,8
57.59999847,52.90000153,148,2000,500,81,58,45,39,36,32,26,9.3,14.6,8
57.59999847,52.90000153,129,2000,500,79,56,44,38,35,30,23,9.3,14.6,8
57.59999847,52.90000153,143,2000,500,80,58,45,39,36,32,25,9.3,14.6,8
57.59999847,52.90000153,141,2000,500,79,57,44,38,35,31,24,9.3,14.6,8
57.59999847,52.90000153,469,1242,500,58,41,37,34,32,29,24,9.3,14.6,8
57.59999847,52.90000153,469,1242,500,57,41,37,34,31,29,24,9.3,14.6,8
57.59999847,52.90000153,469,1242,500,57,41,37,34,32,29,24,9.3,14.6,8
57.59999847,52.90000153,469,1242,500,58,42,37,35,32,29,24,9.3,14.6,8
57.59999847,52.90000153,299,251,500,62,52,47,44,41,36,28,9.3,14.6,8
57.59999847,52.90000153,229,340,500,62,53,47,44,41,36,28,9.3,14.6,8
57.59999847,52.90000153,229,340,500,63,53,48,44,42,36,28,9.3,14.6,8
57.59999847,52.90000153,229,340,500,62,53,47,44,41,36,28,9.3,14.6,8
55.79999924,51.29999924,857,56,500,63,55,54,49,47,42,35,9.3,14.6,8
55.79999924,51.29999924,857,56,500,64,55,54,50,48,43,36,9.3,14.6,8
55.79999924,51.29999924,857,56,500,64,55,54,50,47,42,36,9.3,14.6,8
55.79999924,51.29999924,857,56,500,63,55,54,49,47,42,35,9.3,14.6,8
55.79999924,51.29999924,817,81,500,65,56,52,49,46,42,33,9.3,14.6,8
55.79999924,51.29999924,817,81,500,65,56,53,50,47,43,34,9.3,14.6,8
55.79999924,51.29999924,817,81,500,65,56,52,49,47,42,34,9.3,14.6,8
55.79999924,51.29999924,817,81,500,65,55,52,49,46,42,34,9.3,14.6,8
55.79999924,51.29999924,690,846,500,59,50,46,44,42,38,32,9.3,14.6,8
55.79999924,51.29999924,690,846,500,59,51,46,44,42,38,32,9.3,14.6,8
55.79999924,51.29999924,784,469,500,60,51,46,44,42,38,31,9.3,14.6,8
55.79999924,51.29999924,808,631,500,60,51,46,44,42,38,32,9.3,14.6,8
55.79999924,51.29999924,111,1947,500,88,72,65,60,54,45,35,9.3,14.6,8
55.79999924,51.29999924,111,1947,500,88,72,66,60,54,46,35,9.3,14.6,8
55.79999924,51.29999924,111,1947,500,88,73,66,61,55,46,35,9.3,14.6,8
55.79999924,51.29999924,111,1947,500,88,73,66,60,55,46,35,9.3,14.6,8
57.59999847,52.90000153,313,386,500,76,64,59,55,51,45,36,9.3,14.6,8
57.59999847,52.90000153,313,386,500,76,65,59,55,52,45,36,9.3,14.6,8
57.59999847,52.90000153,313,386,500,76,64,59,56,51,45,36,9.3,14.6,8
57.59999847,52.90000153,235,571,500,76,65,58,55,51,44,35,9.3,14.6,8
57.59999847,52.90000153,249,176,500,81,68,64,59,54,47,36,9.3,14.6,8
57.59999847,52.90000153,340,135,500,83,69,65,60,56,48,37,9.3,14.6,8
57.59999847,52.90000153,340,135,500,82,68,64,59,55,48,36,9.3,14.6,8
57.59999847,52.90000153,340,135,500,82,69,64,59,55,48,37,9.3,14.6,8
57.59999847,52.90000153,824,426,500,72,56,53,51,47,43,36,9.3,14.6,8
57.59999847,52.90000153,824,426,500,72,56,53,51,48,44,36,9.3,14.6,8
57.59999847,52.90000153,824,426,500,72,56,53,51,48,44,36,9.3,14.6,8
57.59999847,52.90000153,824,426,500,72,56,53,50,48,43,36,9.3,14.6,8
57.59999847,52.90000153,665,587,500,79,61,56,52,50,45,37,9.3,14.6,8
57.59999847,52.90000153,665,587,500,80,62,57,53,50,46,37,9.3,14.6,8
57.59999847,52.90000153,665,587,500,80,63,57,53,50,46,38,9.3,14.6,8
57.59999847,52.90000153,665,587,500,79,62,56,53,50,45,37,9.3,14.6,8
57.59999847,52.90000153,155,2000,500,117,84,67,58,53,48,38,9.3,14.6,8
57.59999847,52.90000153,158,2000,500,118,85,67,58,54,49,38,9.3,14.6,8
57.59999847,52.90000153,152,2000,500,118,85,67,59,54,48,38,9.3,14.6,8
57.59999847,52.90000153,155,2000,500,117,85,67,58,53,48,38,9.3,14.6,8
57.59999847,52.90000153,469,1242,500,84,61,55,51,48,44,36,9.3,14.6,8
57.59999847,52.90000153,359,2000,500,85,63,56,52,48,44,37,9.3,14.6,8
57.59999847,52.90000153,359,1955,500,85,62,56,52,49,44,36,9.3,14.6,8
57.59999847,52.90000153,359,1955,500,85,62,55,52,49,44,36,9.3,14.6,8
57.59999847,52.90000153,184,582,500,92,79,71,66,62,54,43,9.3,14.6,8
57.59999847,52.90000153,184,582,500,93,79,71,67,63,55,43,9.3,14.6,8
57.59999847,52.90000153,184,582,500,93,79,71,66,62,54,43,9.3,14.6,8
57.59999847,52.90000153,184,582,500,92,78,71,66,62,54,43,9.3,14.6,8
55.79999924,51.29999924,882,81,500,81,70,68,63,60,54,44,9.3,14.6,8
55.79999924,51.29999924,882,81,500,82,71,68,64,60,54,44,9.3,14.6,8
55.79999924,51.29999924,882,81,500,82,71,68,64,60,54,44,9.3,14.6,8
55.79999924,51.29999924,882,81,500,82,71,68,64,60,54,44,9.3,14.6,8
55.79999924,51.29999924,621,185,500,83,72,67,63,60,53,42,9.3,14.6,8
55.79999924,51.29999924,621,185,500,84,72,67,63,60,54,42,9.3,14.6,8
55.79999924,51.29999924,621,185,500,83,71,67,63,59,54,42,9.3,14.6,8
55.79999924,51.29999924,621,185,500,83,72,67,63,60,54,42,9.3,14.6,8
55.79999924,51.29999924,843,373,500,76,63,60,56,53,48,39,9.3,14.6,8
55.79999924,51.29999924,843,373,500,76,63,60,56,53,48,39,9.3,14.6,8
55.79999924,51.29999924,843,373,500,77,64,60,56,53,48,40,9.3,14.6,8
55.79999924,51.29999924,843,373,500,77,64,61,56,53,49,40,9.3,14.6,8
55.79999924,51.29999924,125,1273,500,111,91,82,76,68,57,44,9.3,14.6,8
55.79999924,51.29999924,125,1273,500,113,93,84,77,69,58,45,9.3,14.6,8
55.79999924,51.29999924,125,1273,500,113,93,84,77,69,58,45,9.3,14.6,8
55.79999924,51.29999924,125,1273,500,113,93,84,77,70,58,45,9.3,14.6,8
57.59999847,52.90000153,235,571,500,98,81,76,72,66,57,46,9.3,14.6,8
57.59999847,52.90000153,235,571,500,99,82,77,72,66,58,47,9.3,14.6,8
57.59999847,52.90000153,284,524,500,98,81,76,71,66,57,46,9.3,14.6,8
57.59999847,52.90000153,284,524,500,98,81,76,71,66,57,46,9.3,14.6,8
57.59999847,52.90000153,430,76,500,105,87,82,75,70,61,46,9.3,14.6,8
57.59999847,52.90000153,430,76,500,105,88,81,75,70,61,46,9.3,14.6,8
57.59999847,52.90000153,430,76,500,105,87,81,75,69,60,45,9.3,14.6,8
57.59999847,52.90000153,430,76,500,106,88,82,76,71,61,46,9.3,14.6,8
57.59999847,52.90000153,1000,301,500,91,70,66,63,59,53,43,9.3,14.6,8
57.59999847,52.90000153,777,650,500,92,72,68,65,60,55,46,9.3,14.6,8
57.59999847,52.90000153,777,650,500,92,72,67,65,60,55,46,9.3,14.6,8
57.59999847,52.90000153,777,650,500,92,72,67,65,60,55,46,9.3,14.6,8
57.59999847,52.90000153,886,347,500,101,77,71,67,63,57,46,9.3,14.6,8
57.59999847,52.90000153,886,347,500,101,77,72,67,64,57,46,9.3,14.6,8
57.59999847,52.90000153,886,347,500,101,77,71,67,64,56,45,9.3,14.6,8
57.59999847,52.90000153,886,347,500,101,77,72,68,65,57,46,9.3,14.6,8
57.59999847,52.90000153,164,2000,500,147,107,84,74,68,61,47,9.3,14.6,8
57.59999847,52.90000153,167,2000,500,149,107,85,74,69,61,48,9.3,14.6,8
57.59999847,52.90000153,168,2000,500,148,107,85,74,69,61,48,9.3,14.6,8
57.59999847,52.90000153,166,2000,500,149,107,85,74,69,61,48,9.3,14.6,8
57.59999847,52.90000153,803,450,500,108,79,70,65,63,56,45,9.3,14.6,8
57.59999847,52.90000153,803,450,500,108,79,71,65,63,57,46,9.3,14.6,8
57.59999847,52.90000153,803,450,500,108,80,70,65,64,56,45,9.3,14.6,8
57.59999847,52.90000153,803,450,500,108,80,70,64,63,56,45,9.3,14.6,8
57.59999847,52.90000153,282,236,500,118,100,90,84,79,69,54,9.3,14.6,8
57.59999847,52.90000153,282,236,500,119,101,90,84,79,69,54,9.3,14.6,8
57.59999847,52.90000153,282,236,500,119,101,91,84,79,69,54,9.3,14.6,8
57.59999847,52.90000153,282,236,500,119,101,91,85,79,69,54,9.3,14.6,8
55.79999924,51.29999924,849,107,500,106,92,88,82,78,69,57,9.3,14.6,8
55.79999924,51.29999924,849,107,500,106,92,88,82,78,69,57,9.3,14.6,8
55.79999924,51.29999924,849,107,500,105,91,88,81,77,69,57,9.3,14.6,8
55.79999924,51.29999924,849,107,500,105,91,88,81,77,69,57,9.3,14.6,8
55.79999924,51.29999924,855,106,500,109,93,87,82,77,70,55,9.3,14.6,8
55.79999924,51.29999924,855,106,500,109,93,86,81,77,69,54,9.3,14.6,8
55.79999924,51.29999924,855,106,500,109,92,86,81,77,69,54,9.3,14.6,8
55.79999924,51.29999924,855,106,500,108,92,86,81,76,69,54,9.3,14.6,8
55.79999924,51.29999924,677,734,500,99,83,77,72,69,62,51,9.3,14.6,8
55.79999924,51.29999924,687,568,500,99,85,76,73,70,62,51,9.3,14.6,8
55.79999924,51.29999924,687,568,500,99,84,77,73,69,62,51,9.3,14.6,8
55.79999924,51.29999924,687,568,500,99,83,77,73,69,62,51,9.3,14.6,8
55.79999924,51.29999924,121,1662,500,147,121,108,100,90,75,58,9.3,14.6,8
55.79999924,51.29999924,121,1662,500,147,121,108,99,90,75,57,9.3,14.6,8
55.79999924,51.29999924,121,1662,500,147,121,109,100,90,75,57,9.3,14.6,8
55.79999924,51.29999924,121,1662,500,147,121,109,100,90,75,58,9.3,14.6,8
57.59999847,52.90000153,277,470,500,127,106,98,92,85,73,58,9.3,14.6,8
57.59999847,52.90000153,277,470,500,128,106,98,91,85,73,57,9.3,14.6,8
57.59999847,52.90000153,277,470,500,127,106,98,92,85,74,59,9.3,14.6,8
57.59999847,52.90000153,277,470,500,127,105,98,91,84,73,57,9.3,14.6,8
57.59999847,52.90000153,373,101,500,137,114,106,98,91,78,59,9.3,14.6,8
57.59999847,52.90000153,373,101,500,137,113,105,97,91,78,58,9.3,14.6,8
57.59999847,52.90000153,373,101,500,137,114,106,98,91,79,59,9.3,14.6,8
57.59999847,52.90000153,373,101,500,137,114,106,98,91,78,59,9.3,14.6,8
57.59999847,52.90000153,1000,407,500,119,94,87,82,79,71,58,9.3,14.6,8
57.59999847,52.90000153,977,407,500,120,93,87,83,78,71,58,9.3,14.6,8
57.59999847,52.90000153,977,407,500,120,94,87,83,79,71,57,9.3,14.6,8
57.59999847,52.90000153,977,407,500,120,94,87,83,79,71,58,9.3,14.6,8
57.59999847,52.90000153,733,480,500,132,101,93,87,82,74,60,9.3,14.6,8
57.59999847,52.90000153,733,480,500,131,101,92,86,81,73,59,9.3,14.6,8
57.59999847,52.90000153,733,480,500,132,102,93,87,82,75,60,9.3,14.6,8
57.59999847,52.90000153,733,480,500,131,102,93,86,82,74,60,9.3,14.6,8
57.59999847,52.90000153,175,2000,500,192,138,110,97,90,79,61,9.3,14.6,8
57.59999847,52.90000153,176,2000,500,192,138,110,97,90,79,61,9.3,14.6,8
57.59999847,52.90000153,174,2000,500,192,138,110,97,89,79,61,9.3,14.6,8
57.59999847,52.90000153,178,2000,500,192,138,109,96,89,79,61,9.3,14.6,8
57.59999847,52.90000153,460,1377,500,140,102,91,84,79,72,59,9.3,14.6,8
57.59999847,52.90000153,460,1377,500,140,102,91,84,80,72,59,9.3,14.6,8
57.59999847,52.90000153,460,1377,500,140,103,91,84,80,72,59,9.3,14.6,8
57.59999847,52.90000153,500,1391,500,139,103,91,84,80,73,60,9.3,14.6,8
57.59999847,52.90000153,259,303,500,154,131,117,109,102,89,69,9.3,14.6,8
57.59999847,52.90000153,259,303,500,154,131,117,109,102,88,69,9.3,14.6,8
57.59999847,52.90000153,259,303,500,154,131,117,109,102,89,70,9.3,14.6,8
57.59999847,52.90000153,259,303,500,154,131,117,109,102,89,70,9.3,14.6,8
91,96.09999847,259,2906,500,91,56,45,40,37,34,27,9.3,14.6,8
91,96.09999847,367,556,500,88,55,44,39,36,33,24,9.3,14.6,8
91,96.09999847,418,514,500,89,55,45,40,37,34,25,9.3,14.6,8
91,96.09999847,418,514,500,88,55,45,40,37,34,25,9.3,14.6,8
91,96.09999847,149,3000,500,118,69,51,43,39,35,26,9.3,14.6,8
91,96.09999847,172,1064,500,117,69,51,43,39,35,25,9.3,14.6,8
91,96.09999847,140,3000,500,116,69,52,43,39,35,26,9.3,14.6,8
91,96.09999847,171,1055,500,117,69,51,43,39,35,25,9.3,14.6,8
91,96.09999847,185,3000,500,120,67,49,40,36,34,26,9.3,14.6,8
91,96.09999847,195,3000,500,115,67,48,39,36,34,26,9.3,14.6,8
91,96.09999847,176,3000,500,116,66,48,39,36,33,25,9.3,14.6,8
91,96.09999847,163,3000,500,111,65,47,38,34,31,24,9.3,14.6,8
92.09999847,96.09999847,146,3000,500,180,81,55,44,41,38,28,9.3,14.6,8
92.09999847,96.09999847,151,3000,500,180,81,55,44,41,38,29,9.3,14.6,8
92.09999847,96.09999847,142,1995,500,177,80,55,44,41,37,26,9.3,14.6,8
92.09999847,96.09999847,146,3000,500,179,81,55,44,42,38,28,9.3,14.6,8
92.09999847,96.09999847,167,3000,500,157,79,53,44,41,37,28,9.3,14.6,8
92.09999847,96.09999847,167,3000,500,154,78,53,44,41,37,28,9.3,14.6,8
92.09999847,96.09999847,166,3000,500,154,78,53,44,41,37,28,9.3,14.6,8
92.09999847,96.09999847,176,3000,500,154,78,52,44,41,37,28,9.3,14.6,8
92.09999847,96.09999847,5,10,500,168,96,61,46,43,39,30,9.3,14.6,8
92.09999847,96.09999847,5,10,500,167,96,60,46,42,39,31,9.3,14.6,8
92.09999847,96.09999847,5,10,500,169,96,62,46,43,40,30,9.3,14.6,8
92.09999847,96.09999847,5,10,500,168,96,60,46,42,40,31,9.3,14.6,8
92.09999847,96.09999847,183,3000,500,146,76,52,42,39,37,28,9.3,14.6,8
92.09999847,96.09999847,178,3000,500,146,75,53,43,39,38,28,9.3,14.6,8
92.09999847,96.09999847,191,3000,500,150,76,52,42,40,37,28,9.3,14.6,8
92.09999847,96.09999847,200,3000,500,152,76,52,42,39,38,28,9.3,14.6,8
92.09999847,96.09999847,70,3000,500,167,98,69,51,44,40,28,9.3,14.6,8
92.09999847,96.09999847,73,3000,500,165,97,69,51,45,40,29,9.3,14.6,8
92.09999847,96.09999847,76,3000,500,164,97,70,52,45,42,30,9.3,14.6,8
92.09999847,96.09999847,78,3000,500,163,97,69,51,45,41,30,9.3,14.6,8
93.69999695,95.69999695,5,10,500,188,97,59,47,40,39,31,9.3,14.6,8
93.69999695,95.69999695,5,10,500,182,94,59,46,40,38,30,9.3,14.6,8
93.69999695,95.69999695,5,10,500,180,93,60,44,40,37,28,9.3,14.6,8
93.69999695,95.69999695,87,3000,500,177,102,68,49,45,42,31,9.3,14.6,8
93.69999695,95.69999695,93,3000,500,172,98,65,46,42,39,30,9.3,14.6,8
93.69999695,95.69999695,88,3000,500,174,99,66,48,43,40,30,9.3,14.6,8
93.69999695,95.69999695,106,3000,500,175,98,66,46,43,41,33,9.3,14.6,8
93.69999695,95.69999695,103,125,500,224,129,83,61,51,45,37,9.3,14.6,8
93.69999695,95.69999695,107,108,500,222,129,84,62,52,46,37,9.3,14.6,8
93.69999695,95.69999695,115,118,500,224,129,83,62,52,46,40,9.3,14.6,8
93.69999695,95.69999695,105,118,500,222,129,84,62,52,45,38,9.3,14.6,8
91,96.09999847,303,1286,500,129,81,66,59,55,50,39,9.3,14.6,8
91,96.09999847,303,1286,500,129,81,66,60,55,50,40,9.3,14.6,8
91,96.09999847,303,1286,500,128,81,66,59,55,50,39,9.3,14.6,8
91,96.09999847,303,1286,500,127,81,66,59,55,49,39,9.3,14.6,8
91,96.09999847,163,3000,500,162,99,75,63,58,53,40,9.3,14.6,8
91,96.09999847,160,3000,500,162,99,74,62,58,52,39,9.3,14.6,8
91,96.09999847,157,3000,500,163,100,76,63,59,53,40,9.3,14.6,8
91,96.09999847,173,3000,500,162,99,75,63,58,53,41,9.3,14.6,8
91,96.09999847,187,3000,500,170,96,71,58,54,49,38,9.3,14.6,8
91,96.09999847,192,3000,500,169,95,70,58,53,48,38,9.3,14.6,8
91,96.09999847,197,3000,500,168,95,70,58,54,49,38,9.3,14.6,8
91,96.09999847,194,3000,500,166,95,70,58,53,49,38,9.3,14.6,8
92.09999847,96.09999847,177,1335,500,245,117,81,66,62,55,40,9.3,14.6,8
92.09999847,96.09999847,178,1205,500,243,117,82,66,62,56,40,9.3,14.6,8
92.09999847,96.09999847,164,3000,500,244,118,83,67,63,57,43,9.3,14.6,8
92.09999847,96.09999847,157,2407,500,243,117,82,66,62,55,41,9.3,14.6,8
92.09999847,96.09999847,188,3000,500,220,112,77,65,61,56,42,9.3,14.6,8
92.09999847,96.09999847,183,3000,500,218,112,77,65,61,55,42,9.3,14.6,8
92.09999847,96.09999847,188,2670,500,218,112,78,65,62,56,42,9.3,14.6,8
92.09999847,96.09999847,188,3000,500,219,112,77,65,61,56,42,9.3,14.6,8
92.09999847,96.09999847,5,10,500,225,136,91,68,64,59,44,9.3,14.6,8
92.09999847,96.09999847,5,10,500,223,137,91,68,64,58,44,9.3,14.6,8
92.09999847,96.09999847,5,10,500,224,136,90,68,63,57,43,9.3,14.6,8
92.09999847,96.09999847,5,10,500,224,137,89,68,63,58,43,9.3,14.6,8
92.09999847,96.09999847,188,3000,500,207,109,76,61,58,54,41,9.3,14.6,8
92.09999847,96.09999847,188,3000,500,203,110,77,62,58,55,42,9.3,14.6,8
92.09999847,96.09999847,192,3000,500,206,109,77,63,57,56,42,9.3,14.6,8
92.09999847,96.09999847,182,3000,500,204,110,78,64,58,57,42,9.3,14.6,8
92.09999847,96.09999847,76,3000,500,233,140,101,76,67,60,44,9.3,14.6,8
92.09999847,96.09999847,81,3000,500,230,138,98,73,64,58,43,9.3,14.6,8
92.09999847,96.09999847,72,3000,500,232,140,102,76,66,59,43,9.3,14.6,8
92.09999847,96.09999847,74,3000,500,231,139,101,76,66,60,43,9.3,14.6,8
93.69999695,95.69999695,5,10,500,257,135,89,67,60,57,43,9.3,14.6,8
93.69999695,95.69999695,5,10,500,257,135,87,68,60,57,44,9.3,14.6,8
93.69999695,95.69999695,5,16,500,255,131,85,62,55,49,34,9.3,14.6,8
93.69999695,95.69999695,5,10,500,255,136,87,69,60,58,47,9.3,14.6,8
93.69999695,95.69999695,102,3000,500,243,140,95,70,64,59,46,9.3,14.6,8
93.69999695,95.69999695,102,3000,500,240,140,94,69,63,59,45,9.3,14.6,8
93.69999695,95.69999695,102,3000,500,240,140,95,69,64,60,45,9.3,14.6,8
93.69999695,95.69999695,100,3000,500,240,141,95,69,64,59,45,9.3,14.6,8
93.69999695,95.69999695,146,83,500,297,182,123,92,79,69,52,9.3,14.6,8
93.69999695,95.69999695,144,95,500,299,182,122,91,78,68,54,9.3,14.6,8
93.69999695,95.69999695,144,87,500,300,183,123,92,79,69,53,9.3,14.6,8
93.69999695,95.69999695,147,83,500,300,182,123,92,80,69,52,9.3,14.6,8
91,96.09999847,303,1286,500,171,106,87,77,72,65,50,9.3,14.6,8
91,96.09999847,303,1286,500,169,104,85,76,71,64,50,9.3,14.6,8
91,96.09999847,303,1286,500,169,105,85,77,71,64,50,9.3,14.6,8
91,96.09999847,409,453,500,168,104,85,76,71,64,48,9.3,14.6,8
91,96.09999847,163,3000,500,216,128,97,81,75,68,51,9.3,14.6,8
91,96.09999847,167,3000,500,216,128,97,81,75,67,52,9.3,14.6,8
91,96.09999847,164,3000,500,216,128,97,81,75,68,51,9.3,14.6,8
91,96.09999847,177,3000,500,215,128,96,80,75,68,52,9.3,14.6,8
91,96.09999847,188,3000,500,215,124,91,75,68,63,49,9.3,14.6,8
91,96.09999847,182,3000,500,216,125,92,75,68,63,49,9.3,14.6,8
91,96.09999847,194,3000,500,216,124,92,75,68,63,50,9.3,14.6,8
91,96.09999847,188,3000,500,214,125,93,76,67,63,51,9.3,14.6,8
92.09999847,96.09999847,154,3000,500,325,153,106,85,80,72,54,9.3,14.6,8
92.09999847,96.09999847,158,1980,500,324,152,106,85,80,72,52,9.3,14.6,8
92.09999847,96.09999847,151,3000,500,325,152,105,84,79,71,53,9.3,14.6,8
92.09999847,96.09999847,170,3000,500,324,153,105,83,78,72,56,9.3,14.6,8
92.09999847,96.09999847,185,3000,500,282,144,100,85,78,71,55,9.3,14.6,8
92.09999847,96.09999847,211,1746,500,283,143,100,85,80,72,54,9.3,14.6,8
92.09999847,96.09999847,190,3000,500,282,144,100,85,79,72,55,9.3,14.6,8
92.09999847,96.09999847,190,3000,500,282,144,100,85,79,72,55,9.3,14.6,8
92.09999847,96.09999847,5,10,500,298,175,119,89,83,76,55,9.3,14.6,8
92.09999847,96.09999847,5,10,500,299,175,117,88,83,75,54,9.3,14.6,8
92.09999847,96.09999847,5,10,500,300,176,116,88,83,76,56,9.3,14.6,8
92.09999847,96.09999847,5,10,500,301,177,116,89,84,77,58,9.3,14.6,8
92.09999847,96.09999847,174,3000,500,263,142,100,83,74,73,53,9.3,14.6,8
92.09999847,96.09999847,182,3000,500,262,142,100,82,75,72,54,9.3,14.6,8
92.09999847,96.09999847,181,3000,500,264,143,100,82,75,72,54,9.3,14.6,8
92.09999847,96.09999847,180,3000,500,259,143,100,82,75,73,54,9.3,14.6,8
92.09999847,96.09999847,78,3000,500,301,181,131,99,86,78,57,9.3,14.6,8
92.09999847,96.09999847,77,3000,500,301,182,132,99,87,79,57,9.3,14.6,8
92.09999847,96.09999847,75,3000,500,300,181,132,99,86,78,56,9.3,14.6,8
92.09999847,96.09999847,77,3000,500,300,181,132,99,86,78,57,9.3,14.6,8
93.69999695,95.69999695,5,10,500,326,173,115,87,79,73,56,9.3,14.6,8
93.69999695,95.69999695,5,10,500,326,174,116,88,80,74,56,9.3,14.6,8
93.69999695,95.69999695,5,10,500,323,173,116,88,79,74,56,9.3,14.6,8
93.69999695,95.69999695,5,10,500,322,173,115,87,78,73,55,9.3,14.6,8
93.69999695,95.69999695,128,3000,500,313,180,124,91,86,81,65,9.3,14.6,8
93.69999695,95.69999695,105,3000,500,312,180,122,90,83,76,59,9.3,14.6,8
93.69999695,95.69999695,100,3000,500,313,180,122,90,82,76,57,9.3,14.6,8
93.69999695,95.69999695,102,3000,500,314,181,122,90,82,76,58,9.3,14.6,8
93.69999695,95.69999695,135,99,500,400,235,160,120,103,89,65,9.3,14.6,8
93.69999695,95.69999695,138,97,500,399,237,159,120,103,89,67,9.3,14.6,8
93.69999695,95.69999695,136,104,500,397,236,158,119,102,88,66,9.3,14.6,8
93.69999695,95.69999695,139,95,500,396,237,159,120,103,89,67,9.3,14.6,8
91,96.09999847,358,1029,500,221,135,108,98,90,80,65,9.3,14.6,8
91,96.09999847,358,1029,500,220,135,108,99,90,80,66,9.3,14.6,8
91,96.09999847,358,1029,500,220,135,108,98,90,80,64,9.3,14.6,8
91,96.09999847,358,1029,500,220,135,108,98,90,80,66,9.3,14.6,8
91,96.09999847,161,3000,500,279,165,124,104,96,87,65,9.3,14.6,8
91,96.09999847,160,3000,500,279,164,124,104,96,86,65,9.3,14.6,8
91,96.09999847,165,3000,500,278,164,123,103,96,86,65,9.3,14.6,8
91,96.09999847,162,3000,500,278,164,124,103,96,86,65,9.3,14.6,8
91,96.09999847,191,3000,500,281,160,117,96,86,81,63,9.3,14.6,8
91,96.09999847,186,3000,500,282,158,116,95,88,80,61,9.3,14.6,8
91,96.09999847,187,3000,500,282,158,116,95,87,80,61,9.3,14.6,8
91,96.09999847,186,3000,500,281,158,116,95,88,80,61,9.3,14.6,8
92.09999847,96.09999847,153,2252,500,417,196,136,109,103,92,67,9.3,14.6,8
92.09999847,96.09999847,149,3000,500,415,197,135,108,102,91,68,9.3,14.6,8
92.09999847,96.09999847,151,3000,500,415,197,136,108,101,92,69,9.3,14.6,8
92.09999847,96.09999847,141,2898,500,417,198,136,109,102,92,67,9.3,14.6,8
92.09999847,96.09999847,190,3000,500,365,183,127,108,100,91,69,9.3,14.6,8
92.09999847,96.09999847,220,1568,500,368,182,127,108,101,91,68,9.3,14.6,8
92.09999847,96.09999847,204,3000,500,370,186,128,109,101,92,72,9.3,14.6,8
92.09999847,96.09999847,194,3000,500,369,186,128,109,100,91,71,9.3,14.6,8
92.09999847,96.09999847,5,10,500,384,224,149,113,106,97,71,9.3,14.6,8
92.09999847,96.09999847,5,10,500,389,226,154,114,108,97,69,9.3,14.6,8
92.09999847,96.09999847,5,10,500,390,226,151,114,107,97,70,9.3,14.6,8
92.09999847,96.09999847,5,10,500,392,227,148,114,106,97,71,9.3,14.6,8
92.09999847,96.09999847,185,3000,500,345,183,128,105,95,92,69,9.3,14.6,8
92.09999847,96.09999847,179,3000,500,344,184,128,104,98,91,68,9.3,14.6,8
92.09999847,96.09999847,175,3000,500,347,184,129,106,95,93,68,9.3,14.6,8
92.09999847,96.09999847,174,3000,500,346,186,131,107,98,94,70,9.3,14.6,8
92.09999847,96.09999847,76,3000,500,392,232,169,127,111,100,72,9.3,14.6,8
92.09999847,96.09999847,77,3000,500,395,234,169,127,112,101,72,9.3,14.6,8
92.09999847,96.09999847,78,3000,500,393,234,169,128,112,101,73,9.3,14.6,8
92.09999847,96.09999847,74,3000,500,393,233,170,129,112,100,72,9.3,14.6,8
93.69999695,95.69999695,5,10,500,418,220,145,112,100,93,71,9.3,14.6,8
93.69999695,95.69999695,5,10,500,419,220,140,111,97,91,69,9.3,14.6,8
93.69999695,95.69999695,5,10,500,421,222,147,114,102,95,73,9.3,14.6,8
93.69999695,95.69999695,5,10,500,413,222,145,114,101,94,73,9.3,14.6,8
93.69999695,95.69999695,106,3000,500,402,228,155,115,105,97,74,9.3,14.6,8
93.69999695,95.69999695,112,3000,500,400,230,156,114,107,99,76,9.3,14.6,8
93.69999695,95.69999695,110,3000,500,400,230,156,114,106,99,75,9.3,14.6,8
93.69999695,95.69999695,105,3000,500,404,230,156,115,106,98,74,9.3,14.6,8
93.69999695,95.69999695,149,87,500,506,302,205,156,134,115,87,9.3,14.6,8
93.69999695,95.69999695,141,97,500,512,304,204,155,134,114,85,9.3,14.6,8
93.69999695,95.69999695,140,91,500,512,306,207,156,135,116,84,9.3,14.6,8
93.69999695,95.69999695,146,89,500,507,306,205,155,135,115,86,9.3,14.6,8
95.5,96.09999847,225,277,500,84,64,55,48,45,40,29,9.3,14.6,8
95.5,96.09999847,202,534,500,83,63,55,47,45,40,30,9.3,14.6,8
95.5,96.09999847,217,283,500,83,64,55,48,45,40,29,9.3,14.6,8
95.5,96.09999847,186,518,500,81,63,55,48,45,40,30,9.3,14.6,8
95.5,96.09999847,124,3000,500,105,70,55,45,41,37,28,9.3,14.6,8
95.5,96.09999847,126,3000,500,107,69,55,46,41,37,28,9.3,14.6,8
95.5,96.09999847,116,3000,500,105,70,56,46,42,37,28,9.3,14.6,8
95.5,96.09999847,124,1694,500,104,70,55,46,42,37,27,9.3,14.6,8
95.5,96.09999847,171,3000,500,113,69,53,43,40,37,29,9.3,14.6,8
95.5,96.09999847,173,3000,500,111,70,52,43,39,37,29,9.3,14.6,8
95.5,96.09999847,271,3000,500,109,68,47,43,38,34,32,9.3,14.6,8
95.5,96.09999847,204,3000,500,111,69,50,43,39,36,30,9.3,14.6,8
95.5,96.09999847,749,10,500,162,84,59,52,47,46,28,9.3,14.6,8
95.5,96.09999847,176,416,500,151,84,61,52,46,43,29,9.3,14.6,8
95.5,96.09999847,187,3000,500,129,78,53,48,44,40,32,9.3,14.6,8
95.5,96.09999847,175,3000,500,134,79,54,49,45,40,32,9.3,14.6,8
95.5,96.09999847,175,2236,500,132,78,50,45,42,37,28,9.3,14.6,8
95.5,96.09999847,194,3000,500,133,79,54,49,45,41,33,9.3,14.6,8
97.90000153,96.30000305,116,3000,500,132,85,61,53,48,43,33,9.3,14.6,8
97.90000153,96.30000305,115,2266,500,130,87,63,56,50,46,34,9.3,14.6,8
97.90000153,96.30000305,131,3000,500,132,85,61,53,47,43,35,9.3,14.6,8
97.90000153,96.30000305,109,2212,500,129,85,62,53,49,43,32,9.3,14.6,8
97.90000153,96.30000305,310,1444,500,129,71,51,46,44,40,31,9.3,14.6,8
97.90000153,96.30000305,281,596,500,113,69,49,44,41,38,27,9.3,14.6,8
97.90000153,96.30000305,260,1572,500,124,69,50,44,42,38,29,9.3,14.6,8
97.90000153,96.30000305,345,437,500,119,69,51,45,43,39,28,9.3,14.6,8
97.90000153,96.30000305,126,3000,500,127,77,56,47,43,39,29,9.3,14.6,8
97.90000153,96.30000305,142,3000,500,133,78,59,49,46,41,32,9.3,14.6,8
97.90000153,96.30000305,137,2287,500,129,78,58,48,45,41,30,9.3,14.6,8
97.90000153,96.30000305,138,3000,500,129,78,58,48,45,41,31,9.3,14.6,8
97.90000153,96.30000305,137,3000,500,164,86,58,45,43,40,29,9.3,14.6,8
97.90000153,96.30000305,140,3000,500,162,86,58,45,43,41,29,9.3,14.6,8
97.90000153,96.30000305,130,2332,500,160,85,58,46,43,40,28,9.3,14.6,8
97.90000153,96.30000305,156,3000,500,158,85,58,45,43,40,31,9.3,14.6,8
97.90000153,96.30000305,229,3000,500,131,75,53,47,45,42,32,9.3,14.6,8
97.90000153,96.30000305,224,1485,500,129,75,53,46,44,41,30,9.3,14.6,8
97.90000153,96.30000305,213,3000,500,132,76,54,47,45,42,32,9.3,14.6,8
97.90000153,96.30000305,233,3000,500,129,73,52,45,44,40,31,9.3,14.6,8
97.90000153,96.30000305,154,247,500,149,95,73,62,59,51,36,9.3,14.6,8
97.90000153,96.30000305,156,293,500,151,93,71,61,56,50,35,9.3,14.6,8
97.90000153,96.30000305,152,283,500,150,94,73,62,58,51,36,9.3,14.6,8
97.90000153,96.30000305,164,211,500,148,92,69,59,55,48,33,9.3,14.6,8
95.5,96.09999847,274,388,500,132,93,81,71,67,60,45,9.3,14.6,8
95.5,96.09999847,274,388,500,132,93,81,71,67,60,45,9.3,14.6,8
95.5,96.09999847,274,388,500,131,92,81,72,67,59,45,9.3,14.6,8
95.5,96.09999847,274,388,500,129,93,81,71,67,59,45,9.3,14.6,8
95.5,96.09999847,131,3000,500,147,101,81,68,62,56,43,9.3,14.6,8
95.5,96.09999847,162,3000,500,139,94,75,61,56,51,41,9.3,14.6,8
95.5,96.09999847,127,3000,500,146,101,81,67,62,56,42,9.3,14.6,8
95.5,96.09999847,128,3000,500,143,100,80,67,61,55,42,9.3,14.6,8
95.5,96.09999847,188,3000,500,148,99,74,63,58,53,44,9.3,14.6,8
95.5,96.09999847,231,3000,500,148,100,72,64,58,53,47,9.3,14.6,8
95.5,96.09999847,194,3000,500,150,100,75,64,58,54,45,9.3,14.6,8
95.5,96.09999847,208,3000,500,145,100,73,64,58,53,46,9.3,14.6,8
95.5,96.09999847,89,3000,500,186,121,94,78,70,60,46,9.3,14.6,8
95.5,96.09999847,156,457,500,183,120,87,76,68,63,43,9.3,14.6,8
95.5,96.09999847,145,548,500,182,120,87,76,68,62,43,9.3,14.6,8
95.5,96.09999847,124,1387,500,180,121,86,76,67,62,44,9.3,14.6,8
95.5,96.09999847,184,3000,500,187,113,82,73,68,62,49,9.3,14.6,8
95.5,96.09999847,174,3000,500,184,113,81,72,67,60,48,9.3,14.6,8
95.5,96.09999847,185,3000,500,182,112,80,71,67,60,48,9.3,14.6,8
95.5,96.09999847,180,3000,500,186,113,81,72,68,61,48,9.3,14.6,8
97.90000153,96.30000305,137,652,500,191,122,93,80,74,64,47,9.3,14.6,8
97.90000153,96.30000305,140,632,500,193,122,93,80,74,64,47,9.3,14.6,8
97.90000153,96.30000305,142,449,500,192,122,94,80,74,64,46,9.3,14.6,8
97.90000153,96.30000305,157,299,500,193,122,94,80,74,64,45,9.3,14.6,8
97.90000153,96.30000305,248,1548,500,169,100,74,65,62,57,43,9.3,14.6,8
97.90000153,96.30000305,242,3000,500,175,102,77,68,65,60,47,9.3,14.6,8
97.90000153,96.30000305,256,1807,500,176,101,76,67,64,58,45,9.3,14.6,8
97.90000153,96.30000305,258,1755,500,177,101,76,67,64,58,45,9.3,14.6,8
97.90000153,96.30000305,142,2686,500,187,111,85,71,66,60,45,9.3,14.6,8
97.90000153,96.30000305,159,2034,500,190,112,84,71,66,61,45,9.3,14.6,8
97.90000153,96.30000305,146,2140,500,187,109,82,68,63,57,42,9.3,14.6,8
97.90000153,96.30000305,163,3000,500,192,112,85,71,67,62,47,9.3,14.6,8
97.90000153,96.30000305,167,3000,500,219,119,83,66,63,59,45,9.3,14.6,8
97.90000153,96.30000305,148,3000,500,219,121,84,67,63,59,44,9.3,14.6,8
97.90000153,96.30000305,147,3000,500,221,120,85,67,63,59,44,9.3,14.6,8
97.90000153,96.30000305,153,3000,500,216,121,83,67,64,60,44,9.3,14.6,8
97.90000153,96.30000305,237,3000,500,181,105,76,67,64,60,46,9.3,14.6,8
97.90000153,96.30000305,248,3000,500,182,106,77,67,65,61,47,9.3,14.6,8
97.90000153,96.30000305,238,3000,500,180,106,76,66,64,60,46,9.3,14.6,8
97.90000153,96.30000305,260,3000,500,183,107,78,69,66,62,49,9.3,14.6,8
97.90000153,96.30000305,125,603,500,207,134,104,89,82,73,53,9.3,14.6,8
97.90000153,96.30000305,135,428,500,209,135,104,89,82,73,52,9.3,14.6,8
97.90000153,96.30000305,137,405,500,207,134,104,89,82,73,52,9.3,14.6,8
97.90000153,96.30000305,136,412,500,206,134,104,89,82,73,52,9.3,14.6,8
95.5,96.09999847,201,547,500,159,120,104,92,86,76,58,9.3,14.6,8
95.5,96.09999847,201,547,500,168,119,104,92,86,76,58,9.3,14.6,8
95.5,96.09999847,299,275,500,173,121,105,91,86,77,57,9.3,14.6,8
95.5,96.09999847,294,274,500,169,116,100,86,81,72,52,9.3,14.6,8
95.5,96.09999847,123,3000,500,182,129,104,87,80,71,54,9.3,14.6,8
95.5,96.09999847,120,3000,500,185,129,104,87,80,71,53,9.3,14.6,8
95.5,96.09999847,129,3000,500,186,129,103,87,80,71,54,9.3,14.6,8
95.5,96.09999847,128,3000,500,185,129,103,87,80,71,54,9.3,14.6,8
95.5,96.09999847,231,3000,500,185,130,90,84,75,69,59,9.3,14.6,8
95.5,96.09999847,181,3000,500,187,128,96,82,75,69,56,9.3,14.6,8
95.5,96.09999847,161,3000,500,187,127,98,81,74,68,54,9.3,14.6,8
95.5,96.09999847,156,3000,500,185,127,98,80,74,68,53,9.3,14.6,8
95.5,96.09999847,219,296,500,270,156,112,98,88,82,55,9.3,14.6,8
95.5,96.09999847,163,496,500,255,156,112,97,87,80,55,9.3,14.6,8
95.5,96.09999847,121,947,500,247,156,116,98,89,78,56,9.3,14.6,8
95.5,96.09999847,140,661,500,248,156,113,97,87,79,55,9.3,14.6,8
95.5,96.09999847,173,3000,500,238,143,107,94,88,79,62,9.3,14.6,8
95.5,96.09999847,175,3000,500,238,144,106,94,88,79,62,9.3,14.6,8
95.5,96.09999847,185,3000,500,239,147,104,94,88,78,63,9.3,14.6,8
95.5,96.09999847,177,3000,500,238,146,105,94,88,79,62,9.3,14.6,8
97.90000153,96.30000305,143,580,500,246,158,121,104,96,84,61,9.3,14.6,8
97.90000153,96.30000305,151,353,500,245,158,121,104,96,83,59,9.3,14.6,8
97.90000153,96.30000305,141,397,500,245,159,122,104,96,83,59,9.3,14.6,8
97.90000153,96.30000305,140,405,500,244,159,122,104,96,83,59,9.3,14.6,8
97.90000153,96.30000305,271,1277,500,216,129,97,86,82,75,57,9.3,14.6,8
97.90000153,96.30000305,285,1316,500,217,129,96,85,82,75,57,9.3,14.6,8
97.90000153,96.30000305,265,1574,500,217,129,96,85,82,74,57,9.3,14.6,8
97.90000153,96.30000305,259,1918,500,219,129,97,86,82,75,58,9.3,14.6,8
97.90000153,96.30000305,146,2895,500,231,142,109,92,86,78,59,9.3,14.6,8
97.90000153,96.30000305,155,1696,500,232,142,109,91,85,78,57,9.3,14.6,8
97.90000153,96.30000305,155,3000,500,235,143,109,92,86,79,60,9.3,14.6,8
97.90000153,96.30000305,148,2759,500,235,143,110,92,86,79,59,9.3,14.6,8
97.90000153,96.30000305,148,3000,500,276,152,105,85,80,75,54,9.3,14.6,8
97.90000153,96.30000305,151,3000,500,279,154,107,87,82,77,56,9.3,14.6,8
97.90000153,96.30000305,168,3000,500,277,153,108,87,82,77,59,9.3,14.6,8
97.90000153,96.30000305,152,3000,500,276,154,108,87,82,77,57,9.3,14.6,8
97.90000153,96.30000305,263,3000,500,231,135,98,86,83,78,61,9.3,14.6,8
97.90000153,96.30000305,239,3000,500,233,136,99,87,84,78,60,9.3,14.6,8
97.90000153,96.30000305,255,2533,500,234,136,99,87,84,79,60,9.3,14.6,8
97.90000153,96.30000305,250,3000,500,233,136,99,87,84,78,61,9.3,14.6,8
97.90000153,96.30000305,141,362,500,271,174,135,115,107,94,67,9.3,14.6,8
97.90000153,96.30000305,147,297,500,271,175,136,116,108,95,67,9.3,14.6,8
97.90000153,96.30000305,142,379,500,273,175,136,116,108,95,68,9.3,14.6,8
97.90000153,96.30000305,140,383,500,272,175,136,116,108,95,68,9.3,14.6,8
95.5,96.09999847,278,275,500,210,155,134,115,111,99,72,9.3,14.6,8
95.5,96.09999847,278,275,500,212,155,134,116,111,98,73,9.3,14.6,8
95.5,96.09999847,278,275,500,215,154,134,120,111,98,75,9.3,14.6,8
95.5,96.09999847,278,275,500,219,154,133,118,110,98,74,9.3,14.6,8
95.5,96.09999847,132,2248,500,248,165,133,112,103,90,68,9.3,14.6,8
95.5,96.09999847,137,1853,500,247,163,129,109,100,87,65,9.3,14.6,8
95.5,96.09999847,141,2131,500,252,166,131,111,103,90,68,9.3,14.6,8
95.5,96.09999847,124,3000,500,248,166,133,112,102,90,68,9.3,14.6,8
95.5,96.09999847,171,3000,500,253,162,125,104,95,87,69,9.3,14.6,8
95.5,96.09999847,189,3000,500,249,163,120,104,94,86,70,9.3,14.6,8
95.5,96.09999847,155,3000,500,248,163,126,103,95,87,67,9.3,14.6,8
95.5,96.09999847,173,3000,500,247,164,124,105,96,88,70,9.3,14.6,8
95.5,96.09999847,110,807,500,333,198,153,127,114,96,70,9.3,14.6,8
95.5,96.09999847,127,651,500,333,199,148,124,112,97,69,9.3,14.6,8
95.5,96.09999847,111,1053,500,336,200,153,127,115,98,72,9.3,14.6,8
95.5,96.09999847,119,1135,500,335,201,150,125,114,99,72,9.3,14.6,8
95.5,96.09999847,186,1937,500,310,184,135,119,112,100,77,9.3,14.6,8
95.5,96.09999847,188,1952,500,309,185,134,119,112,100,77,9.3,14.6,8
95.5,96.09999847,170,2867,500,305,185,135,120,112,100,78,9.3,14.6,8
95.5,96.09999847,175,3000,500,306,187,133,119,112,100,78,9.3,14.6,8
97.90000153,96.30000305,150,406,500,318,203,156,134,124,107,77,9.3,14.6,8
97.90000153,96.30000305,157,340,500,319,203,154,133,122,106,75,9.3,14.6,8
97.90000153,96.30000305,140,467,500,319,205,157,134,124,107,77,9.3,14.6,8
97.90000153,96.30000305,139,724,500,317,203,154,134,123,107,79,9.3,14.6,8
97.90000153,96.30000305,340,851,500,287,163,122,108,104,94,71,9.3,14.6,8
97.90000153,96.30000305,338,896,500,288,164,123,109,105,95,72,9.3,14.6,8
97.90000153,96.30000305,337,895,500,288,164,123,109,105,95,72,9.3,14.6,8
97.90000153,96.30000305,364,683,500,288,164,123,109,105,95,71,9.3,14.6,8
97.90000153,96.30000305,151,2968,500,307,182,139,117,109,99,75,9.3,14.6,8
97.90000153,96.30000305,159,2220,500,309,183,140,118,110,100,75,9.3,14.6,8
97.90000153,96.30000305,159,2373,500,311,183,140,117,110,100,75,9.3,14.6,8
97.90000153,96.30000305,160,2177,500,310,183,140,118,110,100,75,9.3,14.6,8
97.90000153,96.30000305,166,3000,500,349,193,133,109,104,96,72,9.3,14.6,8
97.90000153,96.30000305,172,3000,500,353,195,136,111,105,98,75,9.3,14.6,8
97.90000153,96.30000305,170,3000,500,352,195,135,111,105,98,74,9.3,14.6,8
97.90000153,96.30000305,171,3000,500,354,195,135,111,105,98,74,9.3,14.6,8
97.90000153,96.30000305,261,2177,500,299,173,126,111,107,100,76,9.3,14.6,8
97.90000153,96.30000305,229,3000,500,301,175,127,111,107,99,76,9.3,14.6,8
97.90000153,96.30000305,234,2626,500,300,172,124,108,104,96,73,9.3,14.6,8
97.90000153,96.30000305,235,3000,500,302,176,127,112,108,100,77,9.3,14.6,8
97.90000153,96.30000305,152,244,500,346,222,172,147,136,119,83,9.3,14.6,8
97.90000153,96.30000305,150,273,500,349,225,175,150,139,122,86,9.3,14.6,8
97.90000153,96.30000305,150,275,500,349,225,175,150,139,122,86,9.3,14.6,8
97.90000153,96.30000305,149,247,500,348,225,175,150,139,121,85,9.3,14.6,8
75.19999695,77.40000153,2601,10,500,56,36,33,32,29,28,24,9.3,14.6,8
75.19999695,77.40000153,1880,10,500,55,37,33,32,29,27,24,9.3,14.6,8
76.5,77.90000153,1865,31,500,70,42,37,34,32,29,25,9.3,14.6,8
76.5,77.90000153,2231,10,500,68,41,36,34,31,29,25,9.3,14.6,8
76.5,77.90000153,1408,10,500,65,40,35,32,30,27,23,9.3,14.6,8
76.5,77.90000153,1684,14,500,67,42,37,34,32,28,25,9.3,14.6,8
76.5,77.90000153,3137,540,500,62,36,32,30,28,27,24,9.3,14.6,8
76.5,77.90000153,1890,10,500,104,52,41,37,35,32,27,9.3,14.6,8
76.5,77.90000153,1517,10,500,105,52,41,37,35,31,27,9.3,14.6,8
76.5,77.90000153,1517,10,500,103,51,40,36,34,31,26,9.3,14.6,8
76.5,77.90000153,1555,11,500,104,53,41,37,35,32,26,9.3,14.6,8
76.5,77.90000153,1924,10,500,93,44,39,38,34,31,25,9.3,14.6,8
76.5,77.90000153,2182,10,500,93,44,39,38,34,31,25,9.3,14.6,8
76.5,77.90000153,905,350,500,102,49,42,38,33,32,27,9.3,14.6,8
76.5,77.90000153,933,73,500,89,47,40,39,33,29,25,9.3,14.6,8
76.5,77.90000153,584,226,500,89,48,41,40,33,30,25,9.3,14.6,8
76.5,77.90000153,963,158,500,88,47,40,39,33,30,26,9.3,14.6,8
76.5,77.90000153,382,206,500,84,51,44,43,36,31,27,9.3,14.6,8
76.5,77.90000153,516,72,500,84,51,44,43,36,31,27,9.3,14.6,8
76.5,77.90000153,567,69,500,83,51,43,42,36,31,27,9.3,14.6,8
76.5,77.90000153,375,205,500,84,51,44,43,36,31,27,9.3,14.6,8
77.40000153,78.30000305,622,732,500,101,55,46,40,39,36,31,9.3,14.6,8
77.40000153,78.30000305,622,732,500,100,55,46,40,38,35,31,9.3,14.6,8
77.40000153,78.30000305,760,355,500,100,55,45,40,38,35,30,9.3,14.6,8
77.40000153,78.30000305,760,355,500,99,54,45,40,38,35,30,9.3,14.6,8
77.40000153,78.30000305,490,2426,500,96,57,44,42,39,37,34,9.3,14.6,8
77.40000153,78.30000305,360,3000,500,95,57,44,41,38,36,32,9.3,14.6,8
77.40000153,78.30000305,382,3000,500,95,57,44,41,38,36,33,9.3,14.6,8
77.40000153,78.30000305,389,1988,500,95,57,45,42,39,37,33,9.3,14.6,8
77.40000153,78.30000305,292,162,500,134,73,61,56,48,42,35,9.3,14.6,8
77.40000153,78.30000305,319,134,500,133,72,61,55,47,42,35,9.3,14.6,8
77.40000153,78.30000305,319,134,500,131,72,61,55,48,42,36,9.3,14.6,8
77.40000153,78.30000305,319,134,500,130,72,61,55,48,42,36,9.3,14.6,8
75.19999695,77.40000153,3260,10,500,86,56,52,50,46,44,40,9.3,14.6,8
75.19999695,77.40000153,3260,10,500,86,56,52,50,46,44,40,9.3,14.6,8
76.5,77.90000153,1757,29,500,100,65,57,53,50,45,40,9.3,14.6,8
76.5,77.90000153,1499,196,500,101,64,57,53,50,45,39,9.3,14.6,8
76.5,77.90000153,1149,188,500,98,65,58,53,50,45,40,9.3,14.6,8
76.5,77.90000153,1483,88,500,102,67,59,55,52,47,41,9.3,14.6,8
76.5,77.90000153,3701,333,500,95,57,50,47,46,43,38,9.3,14.6,8
76.5,77.90000153,3701,333,500,95,58,50,48,46,43,38,9.3,14.6,8
76.5,77.90000153,3701,333,500,95,57,50,47,46,43,38,9.3,14.6,8
76.5,77.90000153,3701,333,500,95,58,51,48,47,43,39,9.3,14.6,8
76.5,77.90000153,1656,15,500,156,80,65,58,55,48,42,9.3,14.6,8
76.5,77.90000153,1733,24,500,155,81,65,58,54,50,42,9.3,14.6,8
76.5,77.90000153,1733,24,500,155,81,65,58,55,50,42,9.3,14.6,8
76.5,77.90000153,1733,24,500,155,81,65,58,54,50,42,9.3,14.6,8
76.5,77.90000153,2161,10,500,136,67,59,58,53,47,38,9.3,14.6,8
76.5,77.90000153,2146,10,500,138,69,62,60,55,49,41,9.3,14.6,8
76.5,77.90000153,2076,19,500,138,69,62,60,55,48,40,9.3,14.6,8
76.5,77.90000153,2298,10,500,137,68,60,59,53,48,39,9.3,14.6,8
76.5,77.90000153,730,556,500,155,78,66,60,54,51,43,9.3,14.6,8
76.5,77.90000153,724,554,500,155,79,68,61,55,53,44,9.3,14.6,8
76.5,77.90000153,810,440,500,155,78,67,61,54,52,43,9.3,14.6,8
76.5,77.90000153,980,304,500,155,78,67,60,54,52,43,9.3,14.6,8
76.5,77.90000153,948,138,500,133,74,64,63,53,48,42,9.3,14.6,8
76.5,77.90000153,938,85,500,134,74,64,63,53,47,41,9.3,14.6,8
76.5,77.90000153,758,203,500,134,74,64,63,53,47,41,9.3,14.6,8
76.5,77.90000153,642,276,500,134,75,64,63,53,47,42,9.3,14.6,8
76.5,77.90000153,533,161,500,130,79,69,66,58,50,43,9.3,14.6,8
76.5,77.90000153,499,120,500,129,79,69,65,57,49,42,9.3,14.6,8
76.5,77.90000153,457,166,500,130,80,69,66,58,49,43,9.3,14.6,8
76.5,77.90000153,579,89,500,130,80,69,67,58,50,43,9.3,14.6,8
77.40000153,78.30000305,1065,240,500,136,76,64,58,55,50,43,9.3,14.6,8
77.40000153,78.30000305,927,359,500,136,76,65,59,56,51,43,9.3,14.6,8
77.40000153,78.30000305,927,359,500,135,76,64,58,55,51,43,9.3,14.6,8
77.40000153,78.30000305,927,359,500,135,76,64,59,55,51,43,9.3,14.6,8
77.40000153,78.30000305,342,3000,500,130,79,63,58,54,50,46,9.3,14.6,8
77.40000153,78.30000305,342,2932,500,130,80,64,58,54,51,46,9.3,14.6,8
77.40000153,78.30000305,398,3000,500,131,80,63,58,55,51,46,9.3,14.6,8
77.40000153,78.30000305,398,2932,500,131,81,65,59,56,52,47,9.3,14.6,8
77.40000153,78.30000305,464,67,500,179,100,86,77,68,60,51,9.3,14.6,8
77.40000153,78.30000305,464,67,500,179,101,86,78,68,59,50,9.3,14.6,8
77.40000153,78.30000305,464,67,500,180,101,86,78,68,60,51,9.3,14.6,8
77.40000153,78.30000305,453,88,500,179,101,86,78,68,60,52,9.3,14.6,8
75.19999695,77.40000153,3420,10,500,115,74,68,66,60,57,53,9.3,14.6,8
75.19999695,77.40000153,3244,10,500,117,76,69,68,62,59,54,9.3,14.6,8
75.19999695,77.40000153,3357,10,500,117,75,69,68,62,59,54,9.3,14.6,8
75.19999695,77.40000153,3375,10,500,116,75,69,67,61,59,53,9.3,14.6,8
76.5,77.90000153,1541,76,500,138,87,77,71,67,60,53,9.3,14.6,8
76.5,77.90000153,1541,76,500,141,87,77,72,68,61,54,9.3,14.6,8
76.5,77.90000153,1541,76,500,139,88,77,71,67,61,53,9.3,14.6,8
76.5,77.90000153,1541,76,500,140,87,77,71,67,61,53,9.3,14.6,8
76.5,77.90000153,3402,20,500,128,78,68,64,62,57,50,9.3,14.6,8
76.5,77.90000153,3402,20,500,128,78,68,64,61,57,50,9.3,14.6,8
76.5,77.90000153,3402,20,500,129,78,68,64,61,57,51,9.3,14.6,8
76.5,77.90000153,3402,20,500,128,78,67,63,60,56,50,9.3,14.6,8
76.5,77.90000153,1498,52,500,209,109,87,78,73,67,55,9.3,14.6,8
76.5,77.90000153,1327,73,500,209,110,88,78,73,67,55,9.3,14.6,8
76.5,77.90000153,1327,73,500,210,110,88,78,73,68,56,9.3,14.6,8
76.5,77.90000153,1327,73,500,209,110,87,78,73,67,55,9.3,14.6,8
76.5,77.90000153,2201,10,500,186,93,83,80,73,65,54,9.3,14.6,8
76.5,77.90000153,2179,10,500,187,93,83,80,74,65,54,9.3,14.6,8
76.5,77.90000153,2164,10,500,186,93,83,80,74,65,54,9.3,14.6,8
76.5,77.90000153,2218,10,500,187,94,83,80,74,66,55,9.3,14.6,8
76.5,77.90000153,958,185,500,207,107,91,81,73,69,58,9.3,14.6,8
76.5,77.90000153,830,293,500,209,107,91,81,73,69,58,9.3,14.6,8
76.5,77.90000153,825,295,500,209,107,91,81,73,69,58,9.3,14.6,8
76.5,77.90000153,743,311,500,209,108,91,82,73,69,58,9.3,14.6,8
76.5,77.90000153,673,208,500,181,100,87,83,71,62,55,9.3,14.6,8
76.5,77.90000153,670,172,500,181,100,87,83,70,62,54,9.3,14.6,8
76.5,77.90000153,626,201,500,182,101,88,83,71,63,54,9.3,14.6,8
76.5,77.90000153,746,145,500,182,101,88,83,72,63,55,9.3,14.6,8
76.5,77.90000153,567,137,500,175,108,94,89,79,68,59,9.3,14.6,8
76.5,77.90000153,572,140,500,176,109,95,90,80,69,60,9.3,14.6,8
76.5,77.90000153,478,168,500,175,108,94,88,78,67,58,9.3,14.6,8
76.5,77.90000153,478,168,500,175,109,94,89,79,67,58,9.3,14.6,8
77.40000153,78.30000305,986,290,500,185,104,87,78,74,68,59,9.3,14.6,8
77.40000153,78.30000305,986,290,500,185,103,86,79,74,68,57,9.3,14.6,8
77.40000153,78.30000305,986,290,500,184,103,86,79,74,68,57,9.3,14.6,8
77.40000153,78.30000305,986,290,500,185,104,87,79,75,68,58,9.3,14.6,8
77.40000153,78.30000305,366,1107,500,178,109,88,79,74,69,61,9.3,14.6,8
77.40000153,78.30000305,415,898,500,177,108,86,77,73,67,60,9.3,14.6,8
77.40000153,78.30000305,338,1707,500,178,109,88,79,74,69,62,9.3,14.6,8
77.40000153,78.30000305,438,872,500,177,108,87,78,74,68,61,9.3,14.6,8
77.40000153,78.30000305,375,78,500,246,138,116,103,91,79,67,9.3,14.6,8
77.40000153,78.30000305,375,78,500,248,141,118,105,93,80,68,9.3,14.6,8
77.40000153,78.30000305,317,163,500,248,141,119,106,94,82,70,9.3,14.6,8
77.40000153,78.30000305,317,163,500,248,141,118,105,93,81,69,9.3,14.6,8
75.19999695,77.40000153,3375,10,500,145,95,86,83,77,72,65,9.3,14.6,8
75.19999695,77.40000153,2853,10,500,145,95,86,83,77,72,65,9.3,14.6,8
75.19999695,77.40000153,2853,10,500,145,95,86,83,77,72,65,9.3,14.6,8
75.19999695,77.40000153,2853,10,500,145,94,86,83,77,72,65,9.3,14.6,8
76.5,77.90000153,1863,16,500,172,108,95,88,83,74,65,9.3,14.6,8
76.5,77.90000153,1863,16,500,171,108,95,88,83,75,65,9.3,14.6,8
76.5,77.90000153,1863,16,500,171,107,94,87,83,75,65,9.3,14.6,8
76.5,77.90000153,1863,16,500,172,108,94,87,82,74,64,9.3,14.6,8
76.5,77.90000153,3095,10,500,161,97,84,78,75,68,61,9.3,14.6,8
76.5,77.90000153,3095,10,500,161,97,84,78,75,70,61,9.3,14.6,8
76.5,77.90000153,3095,10,500,161,97,84,79,76,70,62,9.3,14.6,8
76.5,77.90000153,3095,10,500,161,97,84,79,76,70,62,9.3,14.6,8
76.5,77.90000153,1327,73,500,261,137,109,98,91,83,69,9.3,14.6,8
76.5,77.90000153,1144,99,500,261,137,109,98,91,83,68,9.3,14.6,8
76.5,77.90000153,1012,100,500,261,137,109,97,90,82,67,9.3,14.6,8
76.5,77.90000153,1012,100,500,261,137,109,98,91,83,69,9.3,14.6,8
76.5,77.90000153,2079,10,500,232,116,103,97,91,80,69,9.3,14.6,8
76.5,77.90000153,2071,10,500,233,116,103,99,91,80,68,9.3,14.6,8
76.5,77.90000153,1946,10,500,233,116,103,98,91,80,67,9.3,14.6,8
76.5,77.90000153,2181,10,500,233,116,103,99,91,81,68,9.3,14.6,8
76.5,77.90000153,766,278,500,260,134,114,101,91,86,71,9.3,14.6,8
76.5,77.90000153,975,168,500,260,134,113,100,91,85,71,9.3,14.6,8
76.5,77.90000153,762,260,500,260,134,114,100,91,85,71,9.3,14.6,8
76.5,77.90000153,762,260,500,260,135,114,101,91,85,71,9.3,14.6,8
76.5,77.90000153,529,252,500,224,124,110,97,87,76,66,9.3,14.6,8
76.5,77.90000153,695,148,500,226,125,109,102,88,77,67,9.3,14.6,8
76.5,77.90000153,671,179,500,227,126,110,102,89,78,68,9.3,14.6,8
76.5,77.90000153,581,233,500,226,126,110,102,88,78,68,9.3,14.6,8
76.5,77.90000153,656,75,500,220,135,117,109,99,83,72,9.3,14.6,8
76.5,77.90000153,669,45,500,219,135,117,110,99,83,72,9.3,14.6,8
76.5,77.90000153,669,45,500,219,135,117,110,99,83,72,9.3,14.6,8
76.5,77.90000153,669,45,500,220,135,117,110,99,83,73,9.3,14.6,8
77.40000153,78.30000305,837,450,500,229,127,107,97,91,84,70,9.3,14.6,8
77.40000153,78.30000305,837,450,500,230,127,107,97,92,84,71,9.3,14.6,8
77.40000153,78.30000305,837,450,500,229,128,108,97,92,84,71,9.3,14.6,8
77.40000153,78.30000305,837,450,500,229,128,107,97,92,83,71,9.3,14.6,8
77.40000153,78.30000305,335,1384,500,221,135,109,97,91,84,75,9.3,14.6,8
77.40000153,78.30000305,335,1384,500,220,135,108,97,91,84,75,9.3,14.6,8
77.40000153,78.30000305,335,1384,500,221,135,109,98,92,84,75,9.3,14.6,8
77.40000153,78.30000305,335,1384,500,220,136,109,98,91,84,74,9.3,14.6,8
77.40000153,78.30000305,283,127,500,303,176,148,131,116,100,84,9.3,14.6,8
77.40000153,78.30000305,283,127,500,304,177,149,131,117,100,84,9.3,14.6,8
77.40000153,78.30000305,283,127,500,305,177,149,131,117,100,85,9.3,14.6,8
77.40000153,78.30000305,283,127,500,305,177,149,132,117,101,85,9.3,14.6,8
77.40000153,78.30000305,1360,48,500,63,48,45,42,41,37,32,9.3,14.6,8
77.40000153,78.30000305,1356,16,500,60,45,42,39,38,34,29,9.3,14.6,8
77.40000153,78.30000305,959,53,500,74,51,46,42,38,35,30,9.3,14.6,8
77.40000153,78.30000305,306,483,500,73,51,47,42,38,35,29,9.3,14.6,8
77.40000153,78.30000305,306,483,500,73,51,46,42,38,34,29,9.3,14.6,8
77.40000153,78.30000305,306,483,500,73,51,46,42,38,34,29,9.3,14.6,8
77.40000153,78.30000305,1217,189,500,66,46,41,37,35,33,28,9.3,14.6,8
77.40000153,78.30000305,992,185,500,65,45,41,37,35,32,27,9.3,14.6,8
77.40000153,78.30000305,883,197,500,66,45,42,38,35,33,28,9.3,14.6,8
77.40000153,78.30000305,839,248,500,66,46,42,38,35,33,28,9.3,14.6,8
77.40000153,78.30000305,326,132,500,94,61,53,46,42,37,32,9.3,14.6,8
77.40000153,78.30000305,337,69,500,94,62,53,46,42,37,30,9.3,14.6,8
77.40000153,78.30000305,338,65,500,92,60,52,45,41,35,30,9.3,14.6,8
77.40000153,78.30000305,213,171,500,95,64,55,47,43,37,31,9.3,14.6,8
78.80000305,78.09999847,454,177,500,83,55,49,45,42,36,31,9.3,14.6,8
78.80000305,78.09999847,454,177,500,84,56,51,45,43,37,32,9.3,14.6,8
78.80000305,78.09999847,454,177,500,83,57,51,45,42,36,32,9.3,14.6,8
78.80000305,78.09999847,454,177,500,84,57,51,46,43,37,32,9.3,14.6,8
78.80000305,78.09999847,753,10,500,93,60,54,48,46,40,34,9.3,14.6,8
78.80000305,78.09999847,757,10,500,92,58,52,47,45,38,32,9.3,14.6,8
78.80000305,78.09999847,778,14,500,92,59,53,47,45,39,33,9.3,14.6,8
78.80000305,78.09999847,618,17,500,92,60,53,47,45,39,32,9.3,14.6,8
78.80000305,78.09999847,1633,10,500,75,48,43,40,38,35,30,9.3,14.6,8
78.80000305,78.09999847,1262,10,500,74,47,43,39,37,34,29,9.3,14.6,8
78.80000305,78.09999847,1262,10,500,74,47,43,40,37,34,29,9.3,14.6,8
78.80000305,78.09999847,1268,10,500,73,47,42,39,36,33,28,9.3,14.6,8
78.80000305,78.09999847,316,417,500,83,56,52,44,42,38,33,9.3,14.6,8
78.80000305,78.09999847,316,417,500,83,57,52,44,43,38,33,9.3,14.6,8
78.80000305,78.09999847,323,436,500,83,56,52,44,42,38,33,9.3,14.6,8
78.80000305,78.09999847,257,666,500,84,57,53,45,43,38,34,9.3,14.6,8
78.80000305,78.09999847,1893,10,500,91,51,43,39,37,34,30,9.3,14.6,8
78.80000305,78.09999847,1936,10,500,91,50,44,40,38,35,30,9.3,14.6,8
78.80000305,78.09999847,1936,10,500,90,51,44,40,38,35,30,9.3,14.6,8
78.80000305,78.09999847,2385,10,500,90,51,44,40,38,35,32,9.3,14.6,8
78.80000305,78.09999847,2965,10,500,81,48,44,43,41,37,33,9.3,14.6,8
78.80000305,78.09999847,2965,10,500,81,49,44,42,41,37,33,9.3,14.6,8
78.80000305,78.09999847,2965,10,500,81,49,44,42,41,37,32,9.3,14.6,8
78.80000305,78.09999847,3178,10,500,80,48,43,42,40,37,32,9.3,14.6,8
78.80000305,78.09999847,335,102,500,111,72,64,56,52,46,39,9.3,14.6,8
78.80000305,78.09999847,242,150,500,109,72,63,55,51,44,38,9.3,14.6,8
78.80000305,78.09999847,242,150,500,109,71,63,55,51,45,38,9.3,14.6,8
78.80000305,78.09999847,255,116,500,109,71,62,54,50,43,36,9.3,14.6,8
77.40000153,78.30000305,1356,16,500,85,64,60,56,54,48,42,9.3,14.6,8
77.40000153,78.30000305,1356,16,500,86,65,60,56,53,49,42,9.3,14.6,8
77.40000153,78.30000305,1356,16,500,85,65,60,56,54,48,42,9.3,14.6,8
77.40000153,78.30000305,1356,16,500,86,65,60,56,54,49,42,9.3,14.6,8
77.40000153,78.30000305,252,1203,500,102,72,65,59,54,49,42,9.3,14.6,8
77.40000153,78.30000305,519,171,500,101,72,65,59,55,49,42,9.3,14.6,8
77.40000153,78.30000305,519,171,500,101,72,64,59,54,49,41,9.3,14.6,8
77.40000153,78.30000305,519,171,500,102,72,65,59,54,48,42,9.3,14.6,8
77.40000153,78.30000305,952,353,500,94,65,58,53,50,46,40,9.3,14.6,8
77.40000153,78.30000305,952,353,500,95,65,59,53,51,46,40,9.3,14.6,8
77.40000153,78.30000305,952,353,500,95,65,59,53,50,46,40,9.3,14.6,8
77.40000153,78.30000305,574,656,500,93,63,57,51,49,44,39,9.3,14.6,8
77.40000153,78.30000305,356,109,500,131,87,75,66,61,54,45,9.3,14.6,8
77.40000153,78.30000305,356,109,500,131,88,75,66,61,54,45,9.3,14.6,8
77.40000153,78.30000305,356,109,500,132,88,76,67,62,54,45,9.3,14.6,8
77.40000153,78.30000305,356,109,500,130,87,75,65,61,53,45,9.3,14.6,8
78.80000305,78.09999847,473,217,500,115,80,72,64,61,54,48,9.3,14.6,8
78.80000305,78.09999847,700,47,500,114,78,70,64,60,52,46,9.3,14.6,8
78.80000305,78.09999847,700,47,500,115,79,71,64,61,53,47,9.3,14.6,8
78.80000305,78.09999847,702,59,500,115,79,72,65,61,53,47,9.3,14.6,8
78.80000305,78.09999847,572,103,500,128,84,76,69,65,56,48,9.3,14.6,8
78.80000305,78.09999847,665,12,500,128,83,75,68,64,54,46,9.3,14.6,8
78.80000305,78.09999847,665,12,500,128,83,75,68,65,55,47,9.3,14.6,8
78.80000305,78.09999847,665,12,500,129,84,75,68,64,55,48,9.3,14.6,8
78.80000305,78.09999847,1535,10,500,105,70,63,59,57,51,44,9.3,14.6,8
78.80000305,78.09999847,1535,10,500,105,69,63,59,57,51,44,9.3,14.6,8
78.80000305,78.09999847,1513,10,500,104,69,62,58,56,51,43,9.3,14.6,8
78.80000305,78.09999847,1587,10,500,105,69,63,59,57,51,44,9.3,14.6,8
78.80000305,78.09999847,459,187,500,114,78,70,63,59,53,46,9.3,14.6,8
78.80000305,78.09999847,459,187,500,117,79,73,63,61,53,47,9.3,14.6,8
78.80000305,78.09999847,459,187,500,115,80,73,63,61,54,46,9.3,14.6,8
78.80000305,78.09999847,387,224,500,117,81,73,64,60,54,47,9.3,14.6,8
78.80000305,78.09999847,2723,14,500,125,72,63,58,56,51,46,9.3,14.6,8
78.80000305,78.09999847,2369,15,500,127,73,63,58,56,51,45,9.3,14.6,8
78.80000305,78.09999847,2225,10,500,127,74,64,59,57,53,46,9.3,14.6,8
78.80000305,78.09999847,2225,10,500,126,73,63,59,56,52,46,9.3,14.6,8
78.80000305,78.09999847,3178,10,500,111,70,62,59,57,52,47,9.3,14.6,8
78.80000305,78.09999847,3178,10,500,112,70,62,60,57,52,47,9.3,14.6,8
78.80000305,78.09999847,3178,10,500,112,70,62,60,57,52,47,9.3,14.6,8
78.80000305,78.09999847,3178,10,500,112,69,63,60,58,52,47,9.3,14.6,8
78.80000305,78.09999847,275,132,500,151,100,89,78,73,62,54,9.3,14.6,8
78.80000305,78.09999847,275,132,500,152,101,90,79,74,64,55,9.3,14.6,8
78.80000305,78.09999847,275,132,500,151,99,88,78,73,63,53,9.3,14.6,8
78.80000305,78.09999847,275,132,500,152,100,89,79,73,63,54,9.3,14.6,8
77.40000153,78.30000305,627,308,500,113,87,81,74,71,64,56,9.3,14.6,8
77.40000153,78.30000305,627,308,500,114,87,81,75,72,65,57,9.3,14.6,8
77.40000153,78.30000305,627,308,500,114,88,81,75,72,65,57,9.3,14.6,8
77.40000153,78.30000305,627,308,500,115,89,82,76,72,65,57,9.3,14.6,8
77.40000153,78.30000305,379,415,500,137,98,88,80,74,67,56,9.3,14.6,8
77.40000153,78.30000305,434,240,500,137,97,86,78,72,64,54,9.3,14.6,8
77.40000153,78.30000305,434,240,500,136,97,86,78,72,65,55,9.3,14.6,8
77.40000153,78.30000305,408,418,500,137,97,87,79,73,66,56,9.3,14.6,8
77.40000153,78.30000305,633,576,500,123,87,77,70,67,61,54,9.3,14.6,8
77.40000153,78.30000305,708,686,500,125,87,79,72,69,63,56,9.3,14.6,8
77.40000153,78.30000305,718,412,500,124,87,78,71,68,61,54,9.3,14.6,8
77.40000153,78.30000305,718,412,500,124,87,78,71,68,62,54,9.3,14.6,8
77.40000153,78.30000305,302,173,500,176,118,101,89,82,71,60,9.3,14.6,8
77.40000153,78.30000305,302,173,500,176,118,101,89,82,71,60,9.3,14.6,8
77.40000153,78.30000305,302,173,500,175,117,101,88,81,70,59,9.3,14.6,8
77.40000153,78.30000305,302,173,500,177,119,102,89,83,72,61,9.3,14.6,8
78.80000305,78.09999847,839,36,500,155,106,95,87,82,72,63,9.3,14.6,8
78.80000305,78.09999847,839,36,500,155,106,95,86,81,71,61,9.3,14.6,8
78.80000305,78.09999847,839,36,500,155,107,96,87,81,71,63,9.3,14.6,8
78.80000305,78.09999847,839,36,500,154,106,95,86,81,71,62,9.3,14.6,8
78.80000305,78.09999847,694,35,500,172,111,101,93,85,73,64,9.3,14.6,8
78.80000305,78.09999847,694,35,500,173,112,101,93,86,73,64,9.3,14.6,8
78.80000305,78.09999847,694,35,500,173,112,101,93,86,74,64,9.3,14.6,8
78.80000305,78.09999847,694,35,500,173,113,101,93,86,74,65,9.3,14.6,8
78.80000305,78.09999847,1500,10,500,140,92,84,78,75,69,58,9.3,14.6,8
78.80000305,78.09999847,1541,10,500,141,94,86,80,76,70,60,9.3,14.6,8
78.80000305,78.09999847,1541,10,500,143,96,87,81,77,71,61,9.3,14.6,8
78.80000305,78.09999847,1430,10,500,141,94,84,80,76,69,58,9.3,14.6,8
78.80000305,78.09999847,506,184,500,157,107,97,86,81,72,63,9.3,14.6,8
78.80000305,78.09999847,506,184,500,157,108,97,86,82,73,63,9.3,14.6,8
78.80000305,78.09999847,506,184,500,158,108,97,86,82,72,63,9.3,14.6,8
78.80000305,78.09999847,506,184,500,158,108,97,86,81,72,62,9.3,14.6,8
78.80000305,78.09999847,2287,11,500,166,97,84,77,73,68,59,9.3,14.6,8
78.80000305,78.09999847,2287,11,500,166,97,84,78,74,69,60,9.3,14.6,8
78.80000305,78.09999847,2287,11,500,166,98,85,79,74,69,61,9.3,14.6,8
78.80000305,78.09999847,2287,11,500,166,97,85,79,75,68,61,9.3,14.6,8
78.80000305,78.09999847,2462,10,500,150,95,84,80,77,70,62,9.3,14.6,8
78.80000305,78.09999847,2934,10,500,153,97,87,83,80,74,66,9.3,14.6,8
78.80000305,78.09999847,2752,10,500,152,95,84,80,78,71,63,9.3,14.6,8
78.80000305,78.09999847,2752,10,500,151,95,84,80,77,71,63,9.3,14.6,8
78.80000305,78.09999847,325,87,500,204,137,121,106,99,85,73,9.3,14.6,8
78.80000305,78.09999847,325,87,500,205,137,122,107,100,86,73,9.3,14.6,8
78.80000305,78.09999847,325,87,500,206,137,122,107,100,85,73,9.3,14.6,8
78.80000305,78.09999847,325,87,500,206,137,122,107,100,85,73,9.3,14.6,8
77.40000153,78.30000305,1071,51,500,142,108,100,93,88,79,70,9.3,14.6,8
77.40000153,78.30000305,1071,51,500,143,108,101,93,89,80,70,9.3,14.6,8
77.40000153,78.30000305,1071,51,500,141,107,99,92,87,78,69,9.3,14.6,8
77.40000153,78.30000305,1071,51,500,142,108,100,93,88,80,69,9.3,14.6,8
77.40000153,78.30000305,433,304,500,169,120,107,97,90,80,68,9.3,14.6,8
77.40000153,78.30000305,433,304,500,170,121,108,98,92,82,69,9.3,14.6,8
77.40000153,78.30000305,487,230,500,171,122,109,99,92,82,70,9.3,14.6,8
77.40000153,78.30000305,487,230,500,171,122,109,99,92,82,69,9.3,14.6,8
77.40000153,78.30000305,756,374,500,156,108,96,87,83,75,66,9.3,14.6,8
77.40000153,78.30000305,756,374,500,158,109,97,88,83,76,65,9.3,14.6,8
77.40000153,78.30000305,756,374,500,156,108,97,88,84,76,67,9.3,14.6,8
77.40000153,78.30000305,756,374,500,156,109,97,88,84,76,66,9.3,14.6,8
77.40000153,78.30000305,271,212,500,219,146,126,110,101,87,74,9.3,14.6,8
77.40000153,78.30000305,271,212,500,218,147,125,110,102,87,73,9.3,14.6,8
77.40000153,78.30000305,271,212,500,219,146,125,110,101,88,74,9.3,14.6,8
77.40000153,78.30000305,271,212,500,219,147,126,110,102,87,74,9.3,14.6,8
78.80000305,78.09999847,707,47,500,192,133,118,107,101,88,77,9.3,14.6,8
78.80000305,78.09999847,707,47,500,191,132,118,107,101,88,77,9.3,14.6,8
78.80000305,78.09999847,707,47,500,191,132,118,107,101,88,76,9.3,14.6,8
78.80000305,78.09999847,707,47,500,192,132,118,108,101,89,77,9.3,14.6,8
78.80000305,78.09999847,711,10,500,214,138,125,115,106,91,78,9.3,14.6,8
78.80000305,78.09999847,711,10,500,215,139,126,115,107,91,79,9.3,14.6,8
78.80000305,78.09999847,711,10,500,216,140,126,115,107,91,78,9.3,14.6,8
78.80000305,78.09999847,711,10,500,214,138,124,114,106,89,76,9.3,14.6,8
78.80000305,78.09999847,1373,10,500,175,116,104,98,95,84,71,9.3,14.6,8
78.80000305,78.09999847,1373,10,500,175,116,103,98,95,84,71,9.3,14.6,8
78.80000305,78.09999847,1373,10,500,175,116,104,99,95,85,72,9.3,14.6,8
78.80000305,78.09999847,1373,10,500,174,117,103,99,95,84,72,9.3,14.6,8
78.80000305,78.09999847,576,125,500,194,133,119,106,100,88,77,9.3,14.6,8
78.80000305,78.09999847,576,125,500,194,133,119,106,100,88,76,9.3,14.6,8
78.80000305,78.09999847,467,232,500,195,135,121,108,102,90,78,9.3,14.6,8
78.80000305,78.09999847,467,232,500,195,134,120,107,101,89,77,9.3,14.6,8
78.80000305,78.09999847,2220,10,500,204,120,104,97,92,84,74,9.3,14.6,8
78.80000305,78.09999847,2220,10,500,204,120,104,97,92,84,74,9.3,14.6,8
78.80000305,78.09999847,2220,10,500,204,120,104,97,92,84,72,9.3,14.6,8
78.80000305,78.09999847,2220,10,500,204,119,104,97,92,84,74,9.3,14.6,8
78.80000305,78.09999847,2390,10,500,186,116,103,99,95,86,77,9.3,14.6,8
78.80000305,78.09999847,2390,10,500,187,117,104,99,96,87,77,9.3,14.6,8
78.80000305,78.09999847,2549,10,500,188,119,105,100,97,89,78,9.3,14.6,8
78.80000305,78.09999847,2480,10,500,186,116,104,99,95,87,77,9.3,14.6,8
78.80000305,78.09999847,373,51,500,252,170,150,132,123,106,89,9.3,14.6,8
78.80000305,78.09999847,373,51,500,253,170,151,132,123,105,89,9.3,14.6,8
78.80000305,78.09999847,373,51,500,254,171,152,133,123,105,89,9.3,14.6,8
78.80000305,78.09999847,373,51,500,254,172,151,133,124,106,90,9.3,14.6,8
76.09999847,81.5,514,761,500,66,44,39,36,33,30,26,9.3,14.6,8
76.09999847,81.5,514,761,500,66,43,39,35,34,30,26,9.3,14.6,8
76.09999847,81.5,514,761,500,66,45,39,36,34,31,26,9.3,14.6,8
76.09999847,81.5,703,372,500,65,44,38,35,33,30,25,9.3,14.6,8
76.09999847,81.5,175,3000,500,78,58,46,40,37,34,29,9.3,14.6,8
76.09999847,81.5,186,3000,500,79,58,46,40,37,34,30,9.3,14.6,8
76.09999847,81.5,194,3000,500,78,57,46,40,37,34,29,9.3,14.6,8
76.09999847,81.5,180,3000,500,78,58,47,41,38,35,30,9.3,14.6,8
76.09999847,81.5,308,3000,500,78,49,39,34,32,30,26,9.3,14.6,8
76.09999847,81.5,299,3000,500,78,50,40,35,33,30,27,9.3,14.6,8
76.09999847,81.5,299,2932,500,78,49,40,35,33,30,26,9.3,14.6,8
76.09999847,81.5,296,3000,500,77,49,39,35,32,29,27,9.3,14.6,8
76.09999847,81.5,206,1718,500,127,69,49,43,40,35,30,9.3,14.6,8
76.09999847,81.5,208,1152,500,126,69,51,44,42,36,30,9.3,14.6,8
76.09999847,81.5,203,1412,500,123,68,49,43,40,35,29,9.3,14.6,8
76.09999847,81.5,199,1748,500,124,68,49,42,40,35,29,9.3,14.6,8
76.09999847,81.5,793,456,500,114,56,44,40,38,33,30,9.3,14.6,8
76.09999847,81.5,793,456,500,116,58,47,41,40,34,31,9.3,14.6,8
76.09999847,81.5,793,456,500,114,56,45,41,39,34,30,9.3,14.6,8
76.09999847,81.5,793,456,500,115,57,45,41,39,33,30,9.3,14.6,8
76.09999847,81,198,1426,500,113,66,51,43,40,36,31,9.3,14.6,8
76.09999847,81,152,3000,500,113,67,51,43,40,35,30,9.3,14.6,8
76.09999847,81,206,839,500,112,66,51,44,41,36,31,9.3,14.6,8
76.09999847,81,179,2277,500,111,66,51,43,40,36,32,9.3,14.6,8
76.09999847,81,414,1057,500,104,56,45,39,37,34,30,9.3,14.6,8
76.09999847,81,645,616,500,102,54,44,38,36,34,30,9.3,14.6,8
76.09999847,81,736,533,500,104,55,45,40,37,35,31,9.3,14.6,8
76.09999847,81,736,533,500,102,55,44,39,37,34,30,9.3,14.6,8
76.09999847,81,183,2688,500,98,62,50,43,40,36,32,9.3,14.6,8
76.09999847,81,183,2688,500,99,63,51,44,40,36,32,9.3,14.6,8
76.09999847,81,191,3000,500,99,63,51,44,41,37,33,9.3,14.6,8
76.09999847,81,225,976,500,98,62,51,44,41,37,32,9.3,14.6,8
76.09999847,81,207,3000,500,134,72,53,44,42,38,34,9.3,14.6,8
76.09999847,81,184,3000,500,131,71,53,44,41,37,33,9.3,14.6,8
76.09999847,81,205,3000,500,123,66,49,42,37,35,30,9.3,14.6,8
76.09999847,81,195,3000,500,121,66,48,42,37,34,29,9.3,14.6,8
76.09999847,81,234,3000,500,122,66,48,41,38,35,31,9.3,14.6,8
76.09999847,81,218,2884,500,121,66,48,42,39,35,32,9.3,14.6,8
76.09999847,81,97,2213,500,164,87,66,56,48,42,37,9.3,14.6,8
76.09999847,81,118,1258,500,165,86,67,55,52,44,38,9.3,14.6,8
76.09999847,81,109,1161,500,161,84,65,54,47,40,35,9.3,14.6,8
76.09999847,81,143,433,500,160,84,66,54,50,42,35,9.3,14.6,8
76.09999847,81.5,415,1161,500,96,64,56,52,47,42,39,9.3,14.6,8
76.09999847,81.5,487,759,500,98,65,57,53,49,43,39,9.3,14.6,8
76.09999847,81.5,487,759,500,98,65,58,53,48,43,40,9.3,14.6,8
76.09999847,81.5,487,759,500,97,65,57,53,48,43,40,9.3,14.6,8
76.09999847,81.5,182,3000,500,111,81,66,58,54,48,42,9.3,14.6,8
76.09999847,81.5,184,3000,500,114,83,67,59,55,49,43,9.3,14.6,8
76.09999847,81.5,189,3000,500,112,82,66,58,54,49,43,9.3,14.6,8
76.09999847,81.5,189,3000,500,112,82,66,58,54,49,43,9.3,14.6,8
76.09999847,81.5,303,3000,500,113,71,58,51,48,43,39,9.3,14.6,8
76.09999847,81.5,303,2932,500,113,71,58,52,49,44,40,9.3,14.6,8
76.09999847,81.5,335,3000,500,114,72,59,52,49,45,40,9.3,14.6,8
76.09999847,81.5,326,1933,500,113,71,57,51,48,43,38,9.3,14.6,8
76.09999847,81.5,305,571,500,176,95,70,62,58,51,43,9.3,14.6,8
76.09999847,81.5,238,1004,500,175,95,70,61,57,50,42,9.3,14.6,8
76.09999847,81.5,289,501,500,176,94,69,61,56,49,41,9.3,14.6,8
76.09999847,81.5,229,1109,500,175,96,71,62,58,51,43,9.3,14.6,8
76.09999847,81.5,1464,120,500,162,82,66,61,57,51,44,9.3,14.6,8
76.09999847,81.5,1464,120,500,161,82,65,61,56,50,43,9.3,14.6,8
76.09999847,81.5,1464,120,500,162,82,66,61,57,50,44,9.3,14.6,8
76.09999847,81.5,1464,120,500,161,82,66,61,57,50,43,9.3,14.6,8
76.09999847,81,188,1458,500,158,95,73,63,58,52,45,9.3,14.6,8
76.09999847,81,221,837,500,158,94,73,62,58,52,45,9.3,14.6,8
76.09999847,81,192,1121,500,158,95,74,63,59,52,45,9.3,14.6,8
76.09999847,81,212,955,500,158,94,73,62,59,52,44,9.3,14.6,8
76.09999847,81,479,899,500,145,80,65,57,54,50,45,9.3,14.6,8
76.09999847,81,479,899,500,147,81,66,58,55,51,45,9.3,14.6,8
76.09999847,81,479,899,500,147,81,66,58,55,51,45,9.3,14.6,8
76.09999847,81,479,899,500,147,81,66,58,55,51,45,9.3,14.6,8
76.09999847,81,222,1094,500,137,88,71,62,57,52,45,9.3,14.6,8
76.09999847,81,222,1094,500,140,89,72,63,58,53,46,9.3,14.6,8
76.09999847,81,255,573,500,138,88,71,62,57,52,44,9.3,14.6,8
76.09999847,81,277,583,500,136,85,68,58,54,49,43,9.3,14.6,8
76.09999847,81,182,2559,500,183,100,75,62,59,53,46,9.3,14.6,8
76.09999847,81,233,1023,500,185,98,76,61,60,53,46,9.3,14.6,8
76.09999847,81,206,3000,500,171,95,70,60,57,50,46,9.3,14.6,8
76.09999847,81,219,3000,500,172,95,71,61,57,51,46,9.3,14.6,8
76.09999847,81,209,3000,500,172,96,71,61,56,51,45,9.3,14.6,8
76.09999847,81,213,3000,500,172,95,71,60,57,51,46,9.3,14.6,8
76.09999847,81,143,433,500,226,123,96,79,72,60,53,9.3,14.6,8
76.09999847,81,143,433,500,227,123,97,80,73,61,53,9.3,14.6,8
76.09999847,81,143,433,500,227,124,97,80,73,62,53,9.3,14.6,8
76.09999847,81,143,433,500,227,125,97,80,73,62,54,9.3,14.6,8
76.09999847,81.5,634,452,500,126,84,74,67,64,56,49,9.3,14.6,8
76.09999847,81.5,634,452,500,125,84,74,67,63,56,49,9.3,14.6,8
76.09999847,81.5,634,452,500,126,86,75,68,63,57,50,9.3,14.6,8
76.09999847,81.5,634,452,500,126,85,74,67,64,57,49,9.3,14.6,8
76.09999847,81.5,201,3000,500,149,107,86,76,71,64,56,9.3,14.6,8
76.09999847,81.5,184,2660,500,148,105,85,74,69,61,53,9.3,14.6,8
76.09999847,81.5,195,3000,500,149,107,87,76,71,64,56,9.3,14.6,8
76.09999847,81.5,190,2703,500,149,107,86,76,71,63,55,9.3,14.6,8
76.09999847,81.5,344,1904,500,147,92,74,66,62,56,49,9.3,14.6,8
76.09999847,81.5,344,1904,500,147,92,74,65,62,56,49,9.3,14.6,8
76.09999847,81.5,344,1904,500,147,92,75,66,62,56,50,9.3,14.6,8
76.09999847,81.5,344,1904,500,146,91,74,65,61,55,49,9.3,14.6,8
76.09999847,81.5,292,549,500,231,126,93,81,76,67,56,9.3,14.6,8
76.09999847,81.5,292,549,500,231,126,93,82,76,66,56,9.3,14.6,8
76.09999847,81.5,292,549,500,230,126,93,81,76,66,56,9.3,14.6,8
76.09999847,81.5,292,549,500,230,125,93,81,76,66,56,9.3,14.6,8
76.09999847,81.5,1215,146,500,213,109,87,79,74,65,56,9.3,14.6,8
76.09999847,81.5,1215,146,500,212,108,86,79,74,65,57,9.3,14.6,8
76.09999847,81.5,1215,146,500,211,108,87,79,74,66,58,9.3,14.6,8
76.09999847,81.5,1215,146,500,212,109,87,80,74,66,57,9.3,14.6,8
76.09999847,81,231,589,500,210,125,97,82,77,68,58,9.3,14.6,8
76.09999847,81,231,589,500,211,125,97,82,77,68,58,9.3,14.6,8
76.09999847,81,210,879,500,212,126,98,83,78,69,59,9.3,14.6,8
76.09999847,81,233,584,500,211,125,97,82,77,68,58,9.3,14.6,8
76.09999847,81,621,517,500,192,106,86,75,72,66,58,9.3,14.6,8
76.09999847,81,621,517,500,192,106,86,75,72,65,58,9.3,14.6,8
76.09999847,81,621,517,500,191,106,86,75,72,66,58,9.3,14.6,8
76.09999847,81,621,517,500,191,106,86,75,72,66,58,9.3,14.6,8
76.09999847,81,203,971,500,185,119,96,84,77,69,59,9.3,14.6,8
76.09999847,81,231,1467,500,187,121,99,87,81,74,65,9.3,14.6,8
76.09999847,81,211,1080,500,182,117,94,83,75,68,58,9.3,14.6,8
76.09999847,81,211,1080,500,183,116,94,82,75,68,58,9.3,14.6,8
76.09999847,81,202,2321,500,240,129,98,81,78,69,61,9.3,14.6,8
76.09999847,81,212,3000,500,226,124,93,80,72,67,57,9.3,14.6,8
76.09999847,81,212,2932,500,227,125,93,79,74,66,59,9.3,14.6,8
76.09999847,81,212,2932,500,226,124,92,79,73,66,57,9.3,14.6,8
76.09999847,81,212,2932,500,227,125,93,79,73,67,58,9.3,14.6,8
76.09999847,81,124,531,500,294,164,128,105,95,80,69,9.3,14.6,8
76.09999847,81,124,531,500,295,165,128,107,94,80,70,9.3,14.6,8
76.09999847,81,124,531,500,295,165,130,107,94,79,70,9.3,14.6,8
76.09999847,81,124,531,500,295,166,129,108,94,80,70,9.3,14.6,8
76.09999847,81.5,741,403,500,162,106,93,84,80,71,61,9.3,14.6,8
76.09999847,81.5,741,403,500,161,107,94,85,79,70,63,9.3,14.6,8
76.09999847,81.5,741,403,500,161,107,94,85,79,70,62,9.3,14.6,8
76.09999847,81.5,741,403,500,162,107,93,85,79,70,63,9.3,14.6,8
76.09999847,81.5,207,2031,500,190,134,108,95,89,79,68,9.3,14.6,8
76.09999847,81.5,215,1916,500,190,134,108,94,88,79,69,9.3,14.6,8
76.09999847,81.5,193,2576,500,189,134,108,94,88,78,68,9.3,14.6,8
76.09999847,81.5,199,3000,500,189,134,108,94,88,79,69,9.3,14.6,8
76.09999847,81.5,321,2717,500,187,116,93,82,77,70,61,9.3,14.6,8
76.09999847,81.5,321,2717,500,188,116,93,82,77,69,61,9.3,14.6,8
76.09999847,81.5,321,2717,500,188,116,94,83,77,71,63,9.3,14.6,8
76.09999847,81.5,321,2717,500,187,116,93,82,76,69,61,9.3,14.6,8
76.09999847,81.5,291,545,500,289,157,116,103,95,82,70,9.3,14.6,8
76.09999847,81.5,297,501,500,291,157,116,102,94,82,69,9.3,14.6,8
76.09999847,81.5,297,501,500,291,157,117,103,95,82,70,9.3,14.6,8
76.09999847,81.5,297,501,500,292,156,116,103,95,82,70,9.3,14.6,8
76.09999847,81.5,1260,125,500,270,137,109,100,94,82,71,9.3,14.6,8
76.09999847,81.5,1260,125,500,270,139,110,100,94,82,71,9.3,14.6,8
76.09999847,81.5,1260,125,500,269,138,109,100,93,82,70,9.3,14.6,8
76.09999847,81.5,1260,125,500,269,138,110,100,94,82,72,9.3,14.6,8
76.09999847,81,248,501,500,268,157,121,102,96,84,71,9.3,14.6,8
76.09999847,81,248,501,500,268,158,122,103,97,84,71,9.3,14.6,8
76.09999847,81,249,496,500,268,157,122,103,97,85,71,9.3,14.6,8
76.09999847,81,249,496,500,268,158,122,103,96,84,72,9.3,14.6,8
76.09999847,81,550,628,500,243,133,108,94,89,82,71,9.3,14.6,8
76.09999847,81,550,628,500,243,133,108,94,89,82,72,9.3,14.6,8
76.09999847,81,743,361,500,242,132,107,94,89,81,71,9.3,14.6,8
76.09999847,81,743,361,500,243,133,108,94,90,82,71,9.3,14.6,8
76.09999847,81,269,762,500,234,145,117,101,94,85,73,9.3,14.6,8
76.09999847,81,269,762,500,234,146,118,102,95,85,73,9.3,14.6,8
76.09999847,81,307,473,500,234,146,118,102,95,86,73,9.3,14.6,8
76.09999847,81,307,473,500,234,147,119,103,95,86,73,9.3,14.6,8
76.09999847,81,197,3000,500,306,163,124,101,97,86,76,9.3,14.6,8
76.09999847,81,233,1306,500,307,163,125,102,99,87,76,9.3,14.6,8
76.09999847,81,214,2174,500,306,163,124,102,98,87,77,9.3,14.6,8
76.09999847,81,225,1466,500,305,163,124,102,98,87,75,9.3,14.6,8
76.09999847,81,215,3000,500,287,156,116,99,92,83,72,9.3,14.6,8
76.09999847,81,215,2932,500,288,156,116,99,93,83,73,9.3,14.6,8
76.09999847,81,215,2932,500,288,158,117,100,94,84,74,9.3,14.6,8
76.09999847,81,215,2932,500,287,157,116,99,93,83,73,9.3,14.6,8
76.09999847,81,123,549,500,370,209,162,134,121,100,87,9.3,14.6,8
76.09999847,81,123,549,500,372,210,164,134,122,100,87,9.3,14.6,8
76.09999847,81,123,549,500,370,211,164,135,121,101,88,9.3,14.6,8
76.09999847,81,123,549,500,370,210,164,134,121,100,88,9.3,14.6,8
80.19999695,81.69999695,526,311,500,69,50,46,42,40,35,31,9.3,14.6,8
80.19999695,81.69999695,324,675,500,68,50,45,41,38,34,30,9.3,14.6,8
80.19999695,81.69999695,325,1216,500,68,50,44,41,38,34,31,9.3,14.6,8
80.19999695,81.69999695,280,1468,500,67,49,44,40,37,33,30,9.3,14.6,8
80.19999695,81.69999695,256,3000,500,68,49,41,37,34,31,28,9.3,14.6,8
80.19999695,81.69999695,218,3000,500,68,51,42,37,35,31,28,9.3,14.6,8
80.19999695,81.69999695,240,3000,500,65,48,40,36,33,30,27,9.3,14.6,8
80.19999695,81.69999695,238,3000,500,63,46,39,35,32,29,26,9.3,14.6,8
80.19999695,81.69999695,99,1659,500,105,69,57,48,43,36,31,9.3,14.6,8
80.19999695,81.69999695,141,430,500,108,70,56,52,44,36,32,9.3,14.6,8
80.19999695,81.69999695,141,430,500,105,69,57,48,43,37,32,9.3,14.6,8
80.19999695,81.69999695,128,596,500,105,69,59,47,43,36,31,9.3,14.6,8
80.19999695,81.69999695,154,1952,500,105,62,49,44,38,33,28,9.3,14.6,8
80.19999695,81.69999695,171,3000,500,105,65,51,46,40,36,33,9.3,14.6,8
80.19999695,81.69999695,174,1465,500,106,66,52,44,43,37,30,9.3,14.6,8
80.19999695,81.69999695,135,3000,500,91,69,51,46,41,35,33,9.3,14.6,8
80.19999695,81.69999695,91,3000,500,94,70,59,51,45,39,34,9.3,14.6,8
80.19999695,81.69999695,89,3000,500,89,68,57,49,43,38,32,9.3,14.6,8
80.19999695,81.69999695,154,103,500,90,67,62,53,47,41,32,9.3,14.6,8
80.19999695,81.69999695,458,468,500,81,53,46,41,39,35,31,9.3,14.6,8
80.19999695,81.69999695,458,468,500,81,54,47,42,39,36,32,9.3,14.6,8
80.19999695,81.69999695,405,865,500,81,53,46,41,38,34,32,9.3,14.6,8
80.19999695,81.69999695,405,865,500,81,53,46,41,39,35,30,9.3,14.6,8
80.19999695,81.69999695,208,1322,500,79,58,50,44,41,37,32,9.3,14.6,8
80.19999695,81.69999695,205,1395,500,80,58,49,43,40,35,31,9.3,14.6,8
80.19999695,81.69999695,214,3000,500,82,57,49,43,40,36,30,9.3,14.6,8
80.19999695,81.69999695,220,2120,500,82,59,50,44,41,37,32,9.3,14.6,8
80.19999695,81.69999695,282,3000,500,89,57,48,41,39,38,33,9.3,14.6,8
80.19999695,81.69999695,289,3000,500,89,56,46,44,40,34,32,9.3,14.6,8
80.19999695,81.69999695,312,3000,500,91,58,46,42,40,36,33,9.3,14.6,8
80.19999695,81.69999695,291,2860,500,91,59,48,42,41,38,34,9.3,14.6,8
80.19999695,81.69999695,454,129,500,109,70,59,54,51,44,39,9.3,14.6,8
80.19999695,81.69999695,412,255,500,107,70,58,54,51,44,39,9.3,14.6,8
80.19999695,81.69999695,543,143,500,108,69,57,53,50,44,37,9.3,14.6,8
80.19999695,81.69999695,400,164,500,110,71,59,54,51,44,38,9.3,14.6,8
80.19999695,81.69999695,390,430,500,98,72,64,59,55,49,44,9.3,14.6,8
80.19999695,81.69999695,390,430,500,99,72,65,59,55,49,44,9.3,14.6,8
80.19999695,81.69999695,390,430,500,99,72,65,59,55,49,44,9.3,14.6,8
80.19999695,81.69999695,390,430,500,100,72,65,59,55,49,44,9.3,14.6,8
80.19999695,81.69999695,425,312,500,104,76,66,62,53,47,44,9.3,14.6,8
80.19999695,81.69999695,907,127,500,106,77,68,59,56,49,44,9.3,14.6,8
80.19999695,81.69999695,259,3000,500,95,70,59,53,49,45,41,9.3,14.6,8
80.19999695,81.69999695,259,2932,500,97,71,60,54,50,45,41,9.3,14.6,8
80.19999695,81.69999695,259,2932,500,96,70,60,53,50,45,40,9.3,14.6,8
80.19999695,81.69999695,259,2932,500,95,70,60,53,49,45,40,9.3,14.6,8
80.19999695,81.69999695,128,596,500,150,100,83,69,62,52,45,9.3,14.6,8
80.19999695,81.69999695,128,596,500,150,99,82,71,62,52,45,9.3,14.6,8
80.19999695,81.69999695,128,596,500,150,99,83,70,62,52,45,9.3,14.6,8
80.19999695,81.69999695,100,3000,500,150,100,83,71,63,53,46,9.3,14.6,8
80.19999695,81.69999695,167,2654,500,144,92,73,62,60,52,45,9.3,14.6,8
80.19999695,81.69999695,167,2654,500,149,95,75,65,60,53,47,9.3,14.6,8
80.19999695,81.69999695,181,1358,500,150,96,77,64,63,55,46,9.3,14.6,8
80.19999695,81.69999695,157,2322,500,149,95,77,64,63,53,46,9.3,14.6,8
80.19999695,81.69999695,102,894,500,131,98,84,72,64,55,46,9.3,14.6,8
80.19999695,81.69999695,104,366,500,132,99,91,75,68,58,47,9.3,14.6,8
80.19999695,81.69999695,95,988,500,132,98,87,73,65,56,47,9.3,14.6,8
80.19999695,81.69999695,107,1612,500,132,98,80,70,63,53,46,9.3,14.6,8
80.19999695,81.69999695,399,852,500,113,77,66,60,56,51,47,9.3,14.6,8
80.19999695,81.69999695,399,852,500,113,77,66,60,56,51,47,9.3,14.6,8
80.19999695,81.69999695,399,852,500,113,77,66,60,56,50,47,9.3,14.6,8
80.19999695,81.69999695,264,742,500,114,84,72,66,60,52,49,9.3,14.6,8
80.19999695,81.69999695,227,1298,500,115,85,74,65,61,56,47,9.3,14.6,8
80.19999695,81.69999695,212,1215,500,114,86,73,65,61,53,48,9.3,14.6,8
80.19999695,81.69999695,212,1215,500,114,85,73,65,60,52,47,9.3,14.6,8
80.19999695,81.69999695,192,3000,500,145,90,73,61,59,53,46,9.3,14.6,8
80.19999695,81.69999695,207,3000,500,145,90,72,62,58,53,48,9.3,14.6,8
80.19999695,81.69999695,447,902,500,127,84,68,59,58,56,49,9.3,14.6,8
80.19999695,81.69999695,351,2442,500,127,82,65,60,57,52,48,9.3,14.6,8
80.19999695,81.69999695,541,787,500,125,80,64,63,58,51,47,9.3,14.6,8
80.19999695,81.69999695,333,1452,500,127,83,67,62,59,53,48,9.3,14.6,8
80.19999695,81.69999695,479,137,500,155,103,87,81,76,66,58,9.3,14.6,8
80.19999695,81.69999695,341,313,500,156,103,85,78,74,64,56,9.3,14.6,8
80.19999695,81.69999695,341,313,500,155,102,85,78,73,63,55,9.3,14.6,8
80.19999695,81.69999695,345,174,500,154,102,86,79,74,64,55,9.3,14.6,8
80.19999695,81.69999695,365,768,500,130,95,85,78,72,65,58,9.3,14.6,8
80.19999695,81.69999695,365,768,500,132,96,86,78,72,65,59,9.3,14.6,8
80.19999695,81.69999695,365,768,500,131,95,85,77,72,64,57,9.3,14.6,8
80.19999695,81.69999695,365,768,500,131,95,85,78,72,65,58,9.3,14.6,8
80.19999695,81.69999695,252,3000,500,127,93,78,69,65,59,52,9.3,14.6,8
80.19999695,81.69999695,257,3000,500,129,94,79,71,66,60,54,9.3,14.6,8
80.19999695,81.69999695,271,1899,500,128,93,78,69,65,59,52,9.3,14.6,8
80.19999695,81.69999695,269,2164,500,128,94,79,70,66,60,54,9.3,14.6,8
80.19999695,81.69999695,110,1915,500,199,130,108,92,82,68,59,9.3,14.6,8
80.19999695,81.69999695,110,1915,500,197,130,108,92,81,68,58,9.3,14.6,8
80.19999695,81.69999695,110,1915,500,197,129,106,93,81,68,59,9.3,14.6,8
80.19999695,81.69999695,124,1182,500,197,129,104,95,82,68,59,9.3,14.6,8
80.19999695,81.69999695,168,2425,500,193,122,98,85,78,68,61,9.3,14.6,8
80.19999695,81.69999695,161,3000,500,195,124,100,84,80,69,62,9.3,14.6,8
80.19999695,81.69999695,173,2901,500,196,125,98,84,80,69,63,9.3,14.6,8
80.19999695,81.69999695,173,2901,500,196,124,101,85,80,69,62,9.3,14.6,8
80.19999695,81.69999695,94,3000,500,174,132,112,95,84,73,63,9.3,14.6,8
80.19999695,81.69999695,108,3000,500,177,132,106,91,81,71,62,9.3,14.6,8
80.19999695,81.69999695,100,3000,500,176,132,108,94,83,72,62,9.3,14.6,8
80.19999695,81.69999695,108,3000,500,176,132,106,91,80,70,62,9.3,14.6,8
80.19999695,81.69999695,398,918,500,151,101,86,78,73,66,60,9.3,14.6,8
80.19999695,81.69999695,398,918,500,151,101,87,78,73,65,61,9.3,14.6,8
80.19999695,81.69999695,398,918,500,150,101,87,78,73,66,61,9.3,14.6,8
80.19999695,81.69999695,398,918,500,152,101,86,78,73,65,61,9.3,14.6,8
80.19999695,81.69999695,198,1767,500,149,113,97,83,79,72,60,9.3,14.6,8
80.19999695,81.69999695,217,1520,500,149,113,96,81,78,72,60,9.3,14.6,8
80.19999695,81.69999695,215,1738,500,150,113,96,82,78,73,60,9.3,14.6,8
80.19999695,81.69999695,178,3000,500,150,115,98,82,79,73,60,9.3,14.6,8
80.19999695,81.69999695,219,1577,500,189,118,97,80,79,69,61,9.3,14.6,8
80.19999695,81.69999695,203,1997,500,190,119,97,79,78,70,59,9.3,14.6,8
80.19999695,81.69999695,271,3000,500,164,108,89,80,76,69,61,9.3,14.6,8
80.19999695,81.69999695,396,919,500,162,102,83,81,75,62,57,9.3,14.6,8
80.19999695,81.69999695,274,3000,500,162,109,90,76,74,71,62,9.3,14.6,8
80.19999695,81.69999695,286,1921,500,163,109,91,78,75,71,62,9.3,14.6,8
80.19999695,81.69999695,345,174,500,205,136,114,104,97,85,74,9.3,14.6,8
80.19999695,81.69999695,379,185,500,204,135,113,103,97,84,73,9.3,14.6,8
80.19999695,81.69999695,379,185,500,203,135,113,103,97,83,72,9.3,14.6,8
80.19999695,81.69999695,379,185,500,201,135,113,103,97,84,73,9.3,14.6,8
80.19999695,81.69999695,372,666,500,165,120,107,97,90,80,72,9.3,14.6,8
80.19999695,81.69999695,372,666,500,164,120,106,96,88,79,72,9.3,14.6,8
80.19999695,81.69999695,372,666,500,165,120,107,97,90,81,71,9.3,14.6,8
80.19999695,81.69999695,372,666,500,165,120,106,97,90,80,71,9.3,14.6,8
80.19999695,81.69999695,825,195,500,174,125,109,97,89,79,67,9.3,14.6,8
80.19999695,81.69999695,660,309,500,176,127,112,96,94,82,70,9.3,14.6,8
80.19999695,81.69999695,698,310,500,176,126,111,95,94,82,69,9.3,14.6,8
80.19999695,81.69999695,732,291,500,176,126,111,96,94,82,70,9.3,14.6,8
80.19999695,81.69999695,293,1852,500,161,116,97,86,81,73,65,9.3,14.6,8
80.19999695,81.69999695,293,1852,500,161,116,98,87,81,73,64,9.3,14.6,8
80.19999695,81.69999695,293,1852,500,162,116,98,87,81,72,65,9.3,14.6,8
80.19999695,81.69999695,293,1852,500,163,117,98,87,81,73,65,9.3,14.6,8
80.19999695,81.69999695,118,1286,500,248,162,134,114,101,84,72,9.3,14.6,8
80.19999695,81.69999695,118,1286,500,250,163,137,115,102,84,72,9.3,14.6,8
80.19999695,81.69999695,118,1286,500,249,164,137,114,102,85,73,9.3,14.6,8
80.19999695,81.69999695,118,1286,500,249,164,137,114,102,85,73,9.3,14.6,8
80.19999695,81.69999695,184,2086,500,245,152,122,106,97,85,75,9.3,14.6,8
80.19999695,81.69999695,194,1060,500,243,150,119,102,94,81,70,9.3,14.6,8
80.19999695,81.69999695,191,1776,500,246,154,123,105,100,86,75,9.3,14.6,8
80.19999695,81.69999695,195,1472,500,246,153,124,104,101,86,74,9.3,14.6,8
80.19999695,81.69999695,111,758,500,219,163,143,115,107,91,76,9.3,14.6,8
80.19999695,81.69999695,111,1162,500,224,166,141,119,104,90,78,9.3,14.6,8
80.19999695,81.69999695,100,3000,500,225,167,139,117,103,90,78,9.3,14.6,8
80.19999695,81.69999695,100,2932,500,225,167,143,119,106,91,78,9.3,14.6,8
80.19999695,81.69999695,400,760,500,191,127,108,97,91,81,74,9.3,14.6,8
80.19999695,81.69999695,400,760,500,192,127,109,98,91,83,75,9.3,14.6,8
80.19999695,81.69999695,400,760,500,192,127,109,98,91,82,75,9.3,14.6,8
80.19999695,81.69999695,400,760,500,191,128,109,98,92,82,74,9.3,14.6,8
80.19999695,81.69999695,202,1784,500,191,143,122,103,98,90,74,9.3,14.6,8
80.19999695,81.69999695,191,2583,500,194,144,123,103,99,92,73,9.3,14.6,8
80.19999695,81.69999695,191,2583,500,194,141,122,108,99,85,77,9.3,14.6,8
80.19999695,81.69999695,191,2583,500,193,141,121,107,99,89,76,9.3,14.6,8
80.19999695,81.69999695,248,1453,500,239,146,118,101,96,86,75,9.3,14.6,8
80.19999695,81.69999695,248,1453,500,240,147,119,101,97,87,76,9.3,14.6,8
80.19999695,81.69999695,248,1453,500,240,147,119,101,97,87,75,9.3,14.6,8
80.19999695,81.69999695,234,1368,500,239,148,121,100,98,87,74,9.3,14.6,8
80.19999695,81.69999695,428,775,500,205,131,108,98,93,83,74,9.3,14.6,8
80.19999695,81.69999695,325,1836,500,208,136,112,98,94,88,77,9.3,14.6,8
80.19999695,81.69999695,470,491,500,207,136,113,95,92,90,76,9.3,14.6,8
80.19999695,81.69999695,394,893,500,207,134,112,99,95,87,76,9.3,14.6,8
80.19999695,81.69999695,420,143,500,257,171,144,131,123,107,92,9.3,14.6,8
80.19999695,81.69999695,460,104,500,257,170,142,130,122,105,90,9.3,14.6,8
80.19999695,81.69999695,460,104,500,258,170,142,130,121,105,90,9.3,14.6,8
80.19999695,81.69999695,460,104,500,258,170,143,130,122,105,90,9.3,14.6,8
82.59999847,83.69999695,337,2157,500,56,44,38,35,33,29,27,9.3,14.6,8
82.59999847,83.69999695,346,3000,500,56,44,37,35,32,29,27,9.3,14.6,8
82.59999847,83.69999695,382,3000,500,57,44,37,34,32,29,27,9.3,14.6,8
82.59999847,83.69999695,340,3000,500,57,44,37,34,32,29,27,9.3,14.6,8
80.40000153,80.59999847,219,2061,500,104,62,48,42,40,34,32,9.3,14.6,8
80.40000153,80.59999847,226,3000,500,104,63,49,43,41,36,33,9.3,14.6,8
80.40000153,80.59999847,254,1082,500,101,59,47,41,39,33,30,9.3,14.6,8
80.40000153,80.59999847,176,1835,500,104,64,51,44,42,35,32,9.3,14.6,8
80.40000153,80.59999847,221,3000,500,84,59,46,40,38,35,31,9.3,14.6,8
80.40000153,80.59999847,201,3000,500,89,62,48,43,40,36,33,9.3,14.6,8
80.40000153,80.59999847,168,3000,500,86,60,47,41,38,34,29,9.3,14.6,8
80.40000153,80.59999847,252,1407,500,95,60,47,42,39,35,31,9.3,14.6,8
80.40000153,80.59999847,620,589,500,92,55,42,41,37,35,28,9.3,14.6,8
80.40000153,80.59999847,1394,57,500,92,54,41,40,37,34,27,9.3,14.6,8
80.40000153,80.59999847,1506,138,500,92,54,41,40,37,35,28,9.3,14.6,8
80.40000153,80.59999847,396,914,500,138,70,45,42,40,36,29,9.3,14.6,8
80.40000153,80.59999847,1011,310,500,139,71,47,45,43,40,32,9.3,14.6,8
80.40000153,80.59999847,287,3000,500,138,71,48,44,42,38,32,9.3,14.6,8
80.40000153,80.59999847,303,2263,500,138,71,48,45,42,38,32,9.3,14.6,8
80.19999695,80.59999847,209,3000,500,97,65,49,41,39,36,32,9.3,14.6,8
80.19999695,80.59999847,209,3000,500,98,65,49,41,39,35,32,9.3,14.6,8
80.19999695,80.59999847,189,3000,500,96,65,49,41,39,35,32,9.3,14.6,8
80.19999695,80.59999847,197,3000,500,98,65,49,41,39,35,32,9.3,14.6,8
80.19999695,80.59999847,78,3000,500,133,92,66,56,46,44,35,9.3,14.6,8
80.19999695,80.59999847,73,3000,500,136,94,68,58,47,43,36,9.3,14.6,8
80.19999695,80.59999847,88,3000,500,134,91,66,56,46,45,37,9.3,14.6,8
80.19999695,80.59999847,80,3000,500,132,91,65,55,45,44,35,9.3,14.6,8
82.59999847,83.69999695,314,3000,500,88,70,59,54,51,46,43,9.3,14.6,8
82.59999847,83.69999695,357,3000,500,89,69,58,53,50,46,42,9.3,14.6,8
82.59999847,83.69999695,357,2932,500,89,69,59,54,51,46,42,9.3,14.6,8
82.59999847,83.69999695,357,2932,500,91,69,59,54,51,47,42,9.3,14.6,8
82.59999847,83.69999695,434,1672,500,132,81,63,59,55,50,45,9.3,14.6,8
82.59999847,83.69999695,504,1822,500,131,80,62,61,54,51,46,9.3,14.6,8
80.40000153,80.59999847,306,621,500,159,95,74,66,62,54,47,9.3,14.6,8
80.40000153,80.59999847,306,621,500,159,96,75,66,63,54,48,9.3,14.6,8
80.40000153,80.59999847,306,754,500,159,95,74,65,62,54,48,9.3,14.6,8
80.40000153,80.59999847,306,754,500,158,95,75,65,62,53,48,9.3,14.6,8
80.40000153,80.59999847,205,3000,500,142,95,74,66,61,55,49,9.3,14.6,8
80.40000153,80.59999847,218,3000,500,134,98,77,69,65,59,53,9.3,14.6,8
80.40000153,80.59999847,182,3000,500,140,95,74,66,60,54,47,9.3,14.6,8
80.40000153,80.59999847,217,3000,500,143,97,77,68,64,58,52,9.3,14.6,8
80.40000153,80.59999847,282,391,500,157,102,75,74,64,56,48,9.3,14.6,8
80.40000153,80.59999847,325,251,500,158,102,75,74,64,56,47,9.3,14.6,8
80.40000153,80.59999847,573,1132,500,140,84,65,61,57,54,46,9.3,14.6,8
80.40000153,80.59999847,565,861,500,139,84,65,61,57,53,45,9.3,14.6,8
80.40000153,80.59999847,544,1115,500,140,84,67,59,57,52,47,9.3,14.6,8
80.40000153,80.59999847,483,1313,500,142,85,67,59,57,52,46,9.3,14.6,8
80.40000153,80.59999847,543,540,500,129,89,67,66,61,56,48,9.3,14.6,8
80.40000153,80.59999847,450,759,500,132,89,68,67,61,56,48,9.3,14.6,8
80.40000153,80.59999847,467,513,500,128,89,68,67,61,56,47,9.3,14.6,8
80.40000153,80.59999847,334,1097,500,126,89,68,67,60,56,47,9.3,14.6,8
80.40000153,80.59999847,373,766,500,208,109,75,69,65,59,48,9.3,14.6,8
80.40000153,80.59999847,313,1060,500,211,110,77,70,66,59,49,9.3,14.6,8
80.40000153,80.59999847,320,1717,500,212,110,77,70,67,60,51,9.3,14.6,8
80.40000153,80.59999847,279,3000,500,211,111,77,70,67,59,53,9.3,14.6,8
80.19999695,80.59999847,190,3000,500,146,100,75,64,61,54,49,9.3,14.6,8
80.19999695,80.59999847,218,3000,500,146,100,75,63,61,56,50,9.3,14.6,8
80.19999695,80.59999847,201,3000,500,145,100,75,63,60,55,49,9.3,14.6,8
80.19999695,80.59999847,205,3000,500,144,100,75,64,61,55,50,9.3,14.6,8
80.19999695,80.59999847,75,3000,500,208,142,103,86,74,66,54,9.3,14.6,8
80.19999695,80.59999847,80,3000,500,210,141,103,86,74,68,56,9.3,14.6,8
80.19999695,80.59999847,87,3000,500,209,140,103,86,74,68,57,9.3,14.6,8
80.19999695,80.59999847,86,3000,500,206,140,103,85,75,68,58,9.3,14.6,8
82.59999847,83.69999695,357,2932,500,116,86,73,67,64,58,53,9.3,14.6,8
82.59999847,83.69999695,472,1075,500,120,87,74,68,64,59,53,9.3,14.6,8
82.59999847,83.69999695,408,1822,500,120,87,73,67,64,58,52,9.3,14.6,8
82.59999847,83.69999695,375,2143,500,119,86,73,66,63,57,51,9.3,14.6,8
80.40000153,80.59999847,283,767,500,205,122,94,83,79,68,60,9.3,14.6,8
80.40000153,80.59999847,283,767,500,205,122,95,84,80,69,60,9.3,14.6,8
80.40000153,80.59999847,283,767,500,204,122,95,84,80,69,60,9.3,14.6,8
80.40000153,80.59999847,283,767,500,203,122,95,84,80,68,60,9.3,14.6,8
80.40000153,80.59999847,188,2091,500,176,120,93,83,76,68,59,9.3,14.6,8
80.40000153,80.59999847,203,2636,500,173,117,89,86,74,67,59,9.3,14.6,8
80.40000153,80.59999847,261,329,500,205,131,96,94,81,70,59,9.3,14.6,8
80.40000153,80.59999847,277,305,500,205,130,98,92,82,71,60,9.3,14.6,8
80.40000153,80.59999847,525,1014,500,180,106,82,76,71,66,57,9.3,14.6,8
80.40000153,80.59999847,801,477,500,179,105,80,76,71,66,54,9.3,14.6,8
80.40000153,80.59999847,633,627,500,180,107,81,77,71,66,56,9.3,14.6,8
80.40000153,80.59999847,791,487,500,180,106,80,77,71,66,55,9.3,14.6,8
80.40000153,80.59999847,347,887,500,169,114,87,83,76,70,59,9.3,14.6,8
80.40000153,80.59999847,316,3000,500,172,117,92,88,81,76,67,9.3,14.6,8
80.40000153,80.59999847,421,638,500,166,114,86,84,77,70,60,9.3,14.6,8
80.40000153,80.59999847,300,1163,500,167,115,89,82,77,70,61,9.3,14.6,8
80.40000153,80.59999847,261,2030,500,263,140,97,86,83,74,63,9.3,14.6,8
80.40000153,80.59999847,268,2531,500,263,140,96,87,84,74,63,9.3,14.6,8
80.40000153,80.59999847,272,2099,500,263,139,97,86,84,74,63,9.3,14.6,8
80.40000153,80.59999847,323,1573,500,263,140,95,86,85,75,62,9.3,14.6,8
80.19999695,80.59999847,196,3000,500,191,127,95,80,76,69,61,9.3,14.6,8
80.19999695,80.59999847,219,3000,500,192,127,96,81,77,71,64,9.3,14.6,8
80.19999695,80.59999847,207,3000,500,191,127,95,80,76,69,62,9.3,14.6,8
80.19999695,80.59999847,199,3000,500,191,127,95,80,77,69,62,9.3,14.6,8
80.19999695,80.59999847,78,3000,500,264,179,131,109,94,85,70,9.3,14.6,8
80.19999695,80.59999847,77,3000,500,265,182,133,110,95,86,71,9.3,14.6,8
80.19999695,80.59999847,83,3000,500,266,179,132,110,94,87,72,9.3,14.6,8
80.19999695,80.59999847,80,2873,500,266,179,132,109,94,88,71,9.3,14.6,8
82.59999847,83.69999695,321,2480,500,146,111,94,86,81,73,66,9.3,14.6,8
82.59999847,83.69999695,310,2869,500,143,110,93,84,80,72,65,9.3,14.6,8
82.59999847,83.69999695,324,2521,500,144,111,93,85,81,73,65,9.3,14.6,8
82.59999847,83.69999695,371,1730,500,150,112,94,86,81,74,66,9.3,14.6,8
82.59999847,83.69999695,514,1375,500,219,130,98,96,85,80,70,9.3,14.6,8
82.59999847,83.69999695,423,1186,500,222,133,103,92,89,80,69,9.3,14.6,8
80.40000153,80.59999847,339,437,500,261,155,120,107,101,87,76,9.3,14.6,8
80.40000153,80.59999847,339,437,500,260,157,122,107,101,87,76,9.3,14.6,8
80.40000153,80.59999847,258,608,500,260,159,122,106,101,86,76,9.3,14.6,8
80.40000153,80.59999847,407,323,500,260,158,119,110,103,89,76,9.3,14.6,8
80.40000153,80.59999847,187,2299,500,231,155,121,106,98,88,76,9.3,14.6,8
80.40000153,80.59999847,189,2256,500,228,153,119,105,97,86,75,9.3,14.6,8
80.40000153,80.59999847,215,1133,500,230,154,119,106,97,87,75,9.3,14.6,8
80.40000153,80.59999847,380,145,500,263,167,122,120,104,90,75,9.3,14.6,8
80.40000153,80.59999847,341,194,500,262,167,122,120,104,90,75,9.3,14.6,8
80.40000153,80.59999847,337,185,500,262,169,122,120,105,90,75,9.3,14.6,8
80.40000153,80.59999847,304,211,500,268,170,124,120,105,90,75,9.3,14.6,8
80.40000153,80.59999847,782,472,500,230,135,102,97,90,84,69,9.3,14.6,8
80.40000153,80.59999847,448,1206,500,232,136,107,94,90,82,73,9.3,14.6,8
80.40000153,80.59999847,415,1529,500,231,137,107,94,91,82,74,9.3,14.6,8
80.40000153,80.59999847,415,1529,500,231,136,107,93,90,82,73,9.3,14.6,8
80.40000153,80.59999847,339,880,500,215,146,111,106,97,88,76,9.3,14.6,8
80.40000153,80.59999847,306,986,500,216,147,113,105,98,88,76,9.3,14.6,8
80.40000153,80.59999847,316,654,500,212,144,108,100,93,83,70,9.3,14.6,8
80.40000153,80.59999847,534,482,500,219,145,109,107,98,89,76,9.3,14.6,8
80.40000153,80.59999847,273,1350,500,331,176,125,110,106,94,78,9.3,14.6,8
80.40000153,80.59999847,664,211,500,331,176,120,112,105,96,75,9.3,14.6,8
80.40000153,80.59999847,314,901,500,331,178,122,111,103,94,79,9.3,14.6,8
80.40000153,80.59999847,352,743,500,333,180,123,114,105,97,80,9.3,14.6,8
80.19999695,80.59999847,195,3000,500,241,161,120,102,97,88,77,9.3,14.6,8
80.19999695,80.59999847,191,3000,500,241,162,121,103,98,88,77,9.3,14.6,8
80.19999695,80.59999847,186,3000,500,238,162,121,102,98,87,77,9.3,14.6,8
80.19999695,80.59999847,182,3000,500,239,161,121,104,97,89,76,9.3,14.6,8
80.19999695,80.59999847,80,2129,500,341,228,169,140,122,108,89,9.3,14.6,8
80.19999695,80.59999847,77,2779,500,340,231,169,140,122,109,89,9.3,14.6,8
80.19999695,80.59999847,78,2467,500,345,233,173,140,127,109,93,9.3,14.6,8
80.19999695,80.59999847,72,3000,500,346,235,173,140,126,107,91,9.3,14.6,8
80.19999695,80.59999847,183,3000,500,71,54,47,42,39,34,31,9.3,14.6,8
80.19999695,80.59999847,192,3000,500,73,56,49,43,41,35,33,9.3,14.6,8
80.19999695,80.59999847,207,3000,500,73,54,48,42,40,35,32,9.3,14.6,8
80.19999695,80.59999847,222,3000,500,72,52,46,41,38,33,31,9.3,14.6,8
80.19999695,80.59999847,180,3000,500,79,57,46,40,38,33,30,9.3,14.6,8
80.19999695,80.59999847,206,3000,500,79,57,46,40,39,34,31,9.3,14.6,8
80.19999695,80.59999847,176,2161,500,81,58,48,42,40,34,31,9.3,14.6,8
80.19999695,80.59999847,198,3000,500,78,56,45,39,38,32,30,9.3,14.6,8
80.19999695,80.59999847,390,1783,500,74,48,40,38,35,31,28,9.3,14.6,8
80.19999695,80.59999847,390,1783,500,74,49,42,37,35,31,29,9.3,14.6,8
80.19999695,80.59999847,390,1783,500,73,49,41,37,35,31,28,9.3,14.6,8
80.19999695,80.59999847,174,245,500,96,64,53,51,44,35,29,9.3,14.6,8
80.19999695,80.59999847,118,624,500,97,66,55,51,44,35,30,9.3,14.6,8
80.19999695,80.59999847,207,140,500,96,64,54,51,44,35,30,9.3,14.6,8
80.19999695,80.59999847,98,3000,500,98,69,56,48,39,36,30,9.3,14.6,8
80.19999695,80.59999847,102,3000,500,98,68,55,47,40,35,30,9.3,14.6,8
80.19999695,80.59999847,102,3000,500,98,69,55,48,40,36,31,9.3,14.6,8
80.19999695,80.59999847,114,3000,500,97,68,55,48,40,36,32,9.3,14.6,8
80.19999695,80.59999847,176,334,500,84,64,55,50,45,39,33,9.3,14.6,8
80.19999695,80.59999847,258,155,500,86,63,54,49,45,38,33,9.3,14.6,8
80.19999695,80.59999847,304,84,500,86,63,55,49,46,39,32,9.3,14.6,8
80.19999695,80.59999847,304,111,500,86,64,55,49,46,39,33,9.3,14.6,8
80.19999695,80.59999847,361,1364,500,74,52,44,40,38,35,31,9.3,14.6,8
80.19999695,80.59999847,334,1780,500,74,52,43,40,38,34,30,9.3,14.6,8
80.19999695,80.59999847,397,2374,500,75,52,44,41,39,36,32,9.3,14.6,8
80.19999695,80.59999847,284,2618,500,74,52,44,40,38,34,31,9.3,14.6,8
80.19999695,80.59999847,368,765,500,83,56,47,42,40,36,33,9.3,14.6,8
80.19999695,80.59999847,206,3000,500,81,56,49,43,39,35,34,9.3,14.6,8
80.19999695,80.59999847,206,2932,500,79,55,48,42,39,35,33,9.3,14.6,8
80.19999695,80.59999847,209,3000,500,99,66,49,45,42,38,34,9.3,14.6,8
80.19999695,80.59999847,186,3000,500,96,66,49,44,41,37,33,9.3,14.6,8
80.19999695,80.59999847,230,1416,500,96,66,49,45,42,38,34,9.3,14.6,8
80.19999695,80.59999847,193,3000,500,96,66,49,43,41,37,33,9.3,14.6,8
80.19999695,80.59999847,391,1698,500,85,56,45,41,40,36,33,9.3,14.6,8
80.19999695,80.59999847,398,1796,500,87,56,44,41,40,35,32,9.3,14.6,8
80.19999695,80.59999847,409,1679,500,86,56,45,41,40,36,33,9.3,14.6,8
80.19999695,80.59999847,524,1152,500,86,55,43,40,39,35,32,9.3,14.6,8
80.19999695,80.59999847,258,305,500,95,71,58,53,50,44,39,9.3,14.6,8
80.19999695,80.59999847,246,300,500,95,71,58,53,50,44,38,9.3,14.6,8
80.19999695,80.59999847,178,598,500,94,71,58,53,49,43,38,9.3,14.6,8
80.19999695,80.59999847,276,261,500,95,70,58,53,50,44,38,9.3,14.6,8
80.19999695,80.59999847,251,1112,500,108,83,73,66,62,55,49,9.3,14.6,8
80.19999695,80.59999847,199,1403,500,103,84,74,66,62,54,49,9.3,14.6,8
80.19999695,80.59999847,199,1403,500,104,84,74,65,62,55,49,9.3,14.6,8
80.19999695,80.59999847,199,1403,500,104,84,73,66,62,56,49,9.3,14.6,8
80.19999695,80.59999847,227,1927,500,120,86,70,63,59,52,47,9.3,14.6,8
80.19999695,80.59999847,225,1854,500,119,86,71,62,60,52,47,9.3,14.6,8
80.19999695,80.59999847,235,1834,500,120,86,71,62,60,52,48,9.3,14.6,8
80.19999695,80.59999847,205,2808,500,118,87,71,63,60,53,47,9.3,14.6,8
80.19999695,80.59999847,272,3000,500,111,77,65,57,54,49,44,9.3,14.6,8
80.19999695,80.59999847,317,2229,500,111,77,64,59,56,50,45,9.3,14.6,8
80.19999695,80.59999847,317,2229,500,113,77,64,58,55,50,44,9.3,14.6,8
80.19999695,80.59999847,317,2229,500,113,76,63,60,56,50,45,9.3,14.6,8
80.19999695,80.59999847,150,525,500,148,102,85,77,69,56,49,9.3,14.6,8
80.19999695,80.59999847,135,639,500,145,106,86,75,68,56,49,9.3,14.6,8
80.19999695,80.59999847,119,894,500,148,104,86,76,68,55,47,9.3,14.6,8
80.19999695,80.59999847,100,3000,500,145,104,85,74,67,55,48,9.3,14.6,8
80.19999695,80.59999847,112,3000,500,145,106,85,73,63,57,49,9.3,14.6,8
80.19999695,80.59999847,123,3000,500,148,108,87,76,65,58,52,9.3,14.6,8
80.19999695,80.59999847,121,3000,500,148,107,86,74,64,57,51,9.3,14.6,8
80.19999695,80.59999847,121,3000,500,146,107,85,72,63,56,50,9.3,14.6,8
80.19999695,80.59999847,304,111,500,135,101,87,78,73,61,52,9.3,14.6,8
80.19999695,80.59999847,234,244,500,135,99,86,77,72,60,52,9.3,14.6,8
80.19999695,80.59999847,234,244,500,133,100,86,76,71,60,51,9.3,14.6,8
80.19999695,80.59999847,234,244,500,136,100,86,77,72,61,52,9.3,14.6,8
80.19999695,80.59999847,355,1387,500,110,80,67,62,59,53,48,9.3,14.6,8
80.19999695,80.59999847,355,1387,500,110,81,68,62,59,53,48,9.3,14.6,8
80.19999695,80.59999847,355,1387,500,112,80,68,62,59,53,48,9.3,14.6,8
80.19999695,80.59999847,355,1387,500,113,81,69,62,60,53,49,9.3,14.6,8
80.19999695,80.59999847,254,2271,500,122,87,73,66,62,56,51,9.3,14.6,8
80.19999695,80.59999847,411,1006,500,122,85,70,65,63,57,50,9.3,14.6,8
80.19999695,80.59999847,276,1678,500,120,86,71,65,61,55,49,9.3,14.6,8
80.19999695,80.59999847,320,1384,500,122,86,71,65,62,56,49,9.3,14.6,8
80.19999695,80.59999847,198,3000,500,144,100,76,67,64,58,51,9.3,14.6,8
80.19999695,80.59999847,221,2145,500,147,100,76,68,65,58,52,9.3,14.6,8
80.19999695,80.59999847,204,3000,500,143,100,77,67,65,58,52,9.3,14.6,8
80.19999695,80.59999847,221,3000,500,146,100,77,67,65,58,54,9.3,14.6,8
80.19999695,80.59999847,404,1499,500,131,86,69,63,61,55,50,9.3,14.6,8
80.19999695,80.59999847,357,1995,500,131,88,70,64,62,56,51,9.3,14.6,8
80.19999695,80.59999847,447,1451,500,130,86,69,63,62,56,50,9.3,14.6,8
80.19999695,80.59999847,278,323,500,150,109,91,82,78,69,60,9.3,14.6,8
80.19999695,80.59999847,278,323,500,149,109,91,83,78,69,61,9.3,14.6,8
80.19999695,80.59999847,275,269,500,147,108,90,81,77,67,59,9.3,14.6,8
80.19999695,80.59999847,265,317,500,150,111,93,84,80,70,62,9.3,14.6,8
80.19999695,80.59999847,228,1870,500,143,107,93,82,78,68,62,9.3,14.6,8
80.19999695,80.59999847,228,1870,500,142,107,93,83,78,69,62,9.3,14.6,8
80.19999695,80.59999847,228,1870,500,143,106,93,83,78,69,62,9.3,14.6,8
80.19999695,80.59999847,228,1870,500,141,107,93,83,77,68,62,9.3,14.6,8
80.19999695,80.59999847,208,2267,500,156,110,90,78,75,65,59,9.3,14.6,8
80.19999695,80.59999847,259,1135,500,157,110,89,79,75,66,59,9.3,14.6,8
80.19999695,80.59999847,260,1147,500,158,110,89,79,75,66,59,9.3,14.6,8
80.19999695,80.59999847,239,2989,500,155,108,88,78,75,66,60,9.3,14.6,8
80.19999695,80.59999847,421,943,500,148,98,81,74,70,63,56,9.3,14.6,8
80.19999695,80.59999847,528,799,500,149,97,80,75,70,63,56,9.3,14.6,8
80.19999695,80.59999847,528,799,500,148,97,81,74,70,63,57,9.3,14.6,8
80.19999695,80.59999847,528,799,500,148,98,81,74,70,63,56,9.3,14.6,8
80.19999695,80.59999847,96,3000,500,189,133,108,92,83,68,59,9.3,14.6,8
80.19999695,80.59999847,103,2359,500,193,134,110,95,86,70,61,9.3,14.6,8
80.19999695,80.59999847,103,2359,500,193,134,110,95,86,70,62,9.3,14.6,8
80.19999695,80.59999847,123,888,500,193,131,108,99,87,69,61,9.3,14.6,8
80.19999695,80.59999847,122,3000,500,192,134,107,91,80,72,62,9.3,14.6,8
80.19999695,80.59999847,117,3000,500,192,134,107,91,79,71,62,9.3,14.6,8
80.19999695,80.59999847,120,3000,500,192,134,107,91,79,71,62,9.3,14.6,8
80.19999695,80.59999847,121,3000,500,192,134,108,92,80,72,63,9.3,14.6,8
80.19999695,80.59999847,248,198,500,175,126,108,96,91,75,65,9.3,14.6,8
80.19999695,80.59999847,248,198,500,175,127,109,96,91,76,65,9.3,14.6,8
80.19999695,80.59999847,248,198,500,175,127,109,97,91,76,64,9.3,14.6,8
80.19999695,80.59999847,248,198,500,175,127,109,97,91,76,64,9.3,14.6,8
80.19999695,80.59999847,351,1589,500,144,102,85,78,74,67,60,9.3,14.6,8
80.19999695,80.59999847,351,1589,500,144,102,85,80,75,68,61,9.3,14.6,8
80.19999695,80.59999847,351,1589,500,145,102,84,80,75,68,61,9.3,14.6,8
80.19999695,80.59999847,351,1589,500,144,102,85,80,75,68,61,9.3,14.6,8
80.19999695,80.59999847,350,1526,500,162,109,90,82,78,71,63,9.3,14.6,8
80.19999695,80.59999847,402,1013,500,160,108,89,82,79,71,63,9.3,14.6,8
80.19999695,80.59999847,772,385,500,160,108,87,82,80,72,61,9.3,14.6,8
80.19999695,80.59999847,475,750,500,160,107,88,81,78,71,60,9.3,14.6,8
80.19999695,80.59999847,192,3000,500,181,127,97,85,82,74,65,9.3,14.6,8
80.19999695,80.59999847,196,2933,500,183,127,97,85,82,74,65,9.3,14.6,8
80.19999695,80.59999847,236,1243,500,181,127,95,89,82,74,65,9.3,14.6,8
80.19999695,80.59999847,227,1768,500,183,127,96,89,83,74,67,9.3,14.6,8
80.19999695,80.59999847,376,1956,500,171,109,87,79,77,69,62,9.3,14.6,8
80.19999695,80.59999847,376,1956,500,173,109,88,80,78,70,63,9.3,14.6,8
80.19999695,80.59999847,484,1028,500,172,109,87,79,77,70,62,9.3,14.6,8
80.19999695,80.59999847,484,1028,500,173,109,88,80,78,70,63,9.3,14.6,8
80.19999695,80.59999847,203,530,500,189,141,117,105,99,88,77,9.3,14.6,8
80.19999695,80.59999847,269,261,500,189,140,115,104,98,87,75,9.3,14.6,8
80.19999695,80.59999847,320,154,500,189,142,115,106,100,90,73,9.3,14.6,8
80.19999695,80.59999847,383,77,500,189,141,115,107,100,90,72,9.3,14.6,8
80.19999695,80.59999847,228,1870,500,181,136,119,105,99,87,78,9.3,14.6,8
80.19999695,80.59999847,200,2022,500,177,136,118,105,98,87,78,9.3,14.6,8
80.19999695,80.59999847,200,2022,500,178,135,116,106,98,88,76,9.3,14.6,8
80.19999695,80.59999847,176,3000,500,178,139,120,107,100,88,79,9.3,14.6,8
80.19999695,80.59999847,262,861,500,198,139,114,101,96,83,74,9.3,14.6,8
80.19999695,80.59999847,262,861,500,198,139,113,101,95,84,74,9.3,14.6,8
80.19999695,80.59999847,262,861,500,198,139,113,101,95,84,74,9.3,14.6,8
80.19999695,80.59999847,262,861,500,198,139,113,102,95,84,74,9.3,14.6,8
80.19999695,80.59999847,585,277,500,189,126,105,95,90,80,69,9.3,14.6,8
80.19999695,80.59999847,527,642,500,185,123,102,96,90,79,70,9.3,14.6,8
80.19999695,80.59999847,527,642,500,186,125,103,95,89,79,70,9.3,14.6,8
80.19999695,80.59999847,429,777,500,186,127,105,93,88,80,70,9.3,14.6,8
80.19999695,80.59999847,115,1008,500,242,168,138,122,109,88,75,9.3,14.6,8
80.19999695,80.59999847,177,210,500,241,165,136,128,112,88,76,9.3,14.6,8
80.19999695,80.59999847,143,466,500,244,169,139,129,114,91,79,9.3,14.6,8
80.19999695,80.59999847,105,1392,500,242,171,140,122,109,89,76,9.3,14.6,8
80.19999695,80.59999847,131,3000,500,239,171,136,114,102,91,80,9.3,14.6,8
80.19999695,80.59999847,127,3000,500,240,171,135,115,102,90,79,9.3,14.6,8
80.19999695,80.59999847,121,3000,500,239,173,136,114,103,90,79,9.3,14.6,8
80.19999695,80.59999847,119,3000,500,238,173,137,114,103,90,79,9.3,14.6,8
80.19999695,80.59999847,248,198,500,222,162,139,124,115,97,81,9.3,14.6,8
80.19999695,80.59999847,248,198,500,222,162,140,125,116,98,82,9.3,14.6,8
80.19999695,80.59999847,279,99,500,225,163,140,124,116,97,81,9.3,14.6,8
80.19999695,80.59999847,279,99,500,223,164,140,125,116,97,81,9.3,14.6,8
80.19999695,80.59999847,399,930,500,185,130,108,100,95,85,75,9.3,14.6,8
80.19999695,80.59999847,399,930,500,186,131,108,101,95,86,76,9.3,14.6,8
80.19999695,80.59999847,461,949,500,185,131,105,104,92,88,75,9.3,14.6,8
80.19999695,80.59999847,536,670,500,186,130,106,104,93,87,76,9.3,14.6,8
80.19999695,80.59999847,563,541,500,203,136,111,103,100,89,76,9.3,14.6,8
80.19999695,80.59999847,664,377,500,200,137,111,104,101,89,78,9.3,14.6,8
80.19999695,80.59999847,457,433,500,198,140,117,105,98,88,79,9.3,14.6,8
80.19999695,80.59999847,457,433,500,201,140,118,105,98,87,79,9.3,14.6,8
80.19999695,80.59999847,188,3000,500,229,159,124,107,103,92,81,9.3,14.6,8
80.19999695,80.59999847,224,1014,500,225,160,123,110,104,93,80,9.3,14.6,8
80.19999695,80.59999847,252,841,500,228,160,122,113,104,94,81,9.3,14.6,8
80.19999695,80.59999847,205,1917,500,229,160,123,111,104,93,81,9.3,14.6,8
80.19999695,80.59999847,456,878,500,215,139,112,101,99,88,78,9.3,14.6,8
80.19999695,80.59999847,384,1158,500,212,140,112,101,98,88,78,9.3,14.6,8
80.19999695,80.59999847,451,876,500,211,140,112,101,99,89,79,9.3,14.6,8
80.19999695,80.59999847,422,1046,500,211,140,112,102,99,89,79,9.3,14.6,8
80.19999695,80.59999847,345,99,500,242,180,148,136,127,114,92,9.3,14.6,8
80.19999695,80.59999847,266,224,500,240,179,148,133,125,109,95,9.3,14.6,8
80.19999695,80.59999847,214,325,500,240,180,148,133,125,109,94,9.3,14.6,8
80.19999695,80.59999847,214,325,500,240,180,149,133,125,109,94,9.3,14.6,8
74.5,64.59999847,2182,203,500,65,37,34,33,31,28,25,9.3,14.6,8
74.5,64.59999847,2853,205,500,63,37,33,32,31,28,25,9.3,14.6,8
74.5,64.59999847,1984,171,500,59,44,38,36,34,31,27,9.3,14.6,8
74.5,64.59999847,657,613,500,52,41,35,33,31,28,25,9.3,14.6,8
74.5,64.59999847,570,548,500,52,40,34,32,30,27,24,9.3,14.6,8
74.5,64.59999847,364,880,500,98,58,45,40,37,32,28,9.3,14.6,8
74.5,64.59999847,543,259,500,97,58,44,40,37,31,27,9.3,14.6,8
74.5,64.59999847,320,924,500,96,58,45,40,37,32,28,9.3,14.6,8
74.5,64.59999847,320,949,500,96,58,44,40,37,32,27,9.3,14.6,8
74.5,64.59999847,174,3000,500,69,59,43,40,37,34,29,9.3,14.6,8
74.5,64.59999847,199,950,500,68,57,43,39,37,32,29,9.3,14.6,8
74.5,64.59999847,170,2672,500,68,58,43,39,37,33,29,9.3,14.6,8
74.5,64.59999847,226,648,500,68,58,43,39,37,33,29,9.3,14.6,8
74.5,64.59999847,133,2833,500,80,55,51,42,39,33,29,9.3,14.6,8
76.80000305,65.69999695,809,267,500,59,47,40,37,36,33,30,9.3,14.6,8
76.80000305,65.69999695,638,18,500,71,52,45,42,39,33,29,9.3,14.6,8
76.80000305,65.69999695,548,127,500,68,51,43,41,38,33,28,9.3,14.6,8
76.80000305,65.69999695,344,264,500,67,52,45,42,39,34,29,9.3,14.6,8
76.80000305,65.69999695,621,28,500,68,50,43,40,37,32,27,9.3,14.6,8
76.80000305,65.69999695,323,1064,500,110,63,44,41,38,34,30,9.3,14.6,8
76.80000305,65.69999695,542,482,500,110,62,43,40,38,34,30,9.3,14.6,8
76.80000305,65.69999695,344,1216,500,108,61,43,40,37,34,29,9.3,14.6,8
76.80000305,65.69999695,286,1384,500,109,62,44,41,37,34,29,9.3,14.6,8
76.80000305,65.69999695,300,1186,500,80,56,43,40,37,34,30,9.3,14.6,8
76.80000305,65.69999695,259,3000,500,79,54,42,38,36,32,29,9.3,14.6,8
76.80000305,65.69999695,304,1637,500,79,55,42,39,37,33,30,9.3,14.6,8
76.80000305,65.69999695,277,3000,500,81,56,43,40,37,34,30,9.3,14.6,8
76.80000305,65.69999695,267,205,500,113,74,56,51,47,41,35,9.3,14.6,8
76.80000305,65.69999695,306,149,500,112,74,55,52,48,40,35,9.3,14.6,8
76.80000305,65.69999695,207,410,500,111,74,55,51,47,40,35,9.3,14.6,8
76.80000305,65.69999695,287,166,500,109,71,53,49,45,38,33,9.3,14.6,8
74.5,64.59999847,4050,140,500,88,53,48,47,45,41,37,9.3,14.6,8
74.5,64.59999847,4008,10,500,88,53,48,47,45,41,37,9.3,14.6,8
74.5,64.59999847,1461,30,500,86,66,55,54,51,46,40,9.3,14.6,8
74.5,64.59999847,569,561,500,76,60,52,49,46,42,37,9.3,14.6,8
74.5,64.59999847,465,1138,500,78,59,52,48,45,41,37,9.3,14.6,8
74.5,64.59999847,442,925,500,75,59,51,47,45,40,36,9.3,14.6,8
74.5,64.59999847,427,1388,500,75,60,49,48,44,41,35,9.3,14.6,8
74.5,64.59999847,388,648,500,138,85,68,60,56,48,42,9.3,14.6,8
74.5,64.59999847,419,602,500,138,86,68,61,57,49,42,9.3,14.6,8
74.5,64.59999847,416,596,500,137,86,68,61,57,49,42,9.3,14.6,8
74.5,64.59999847,441,568,500,137,86,68,61,57,50,42,9.3,14.6,8
74.5,64.59999847,193,1566,500,103,85,64,58,55,49,43,9.3,14.6,8
74.5,64.59999847,210,1085,500,103,84,64,59,55,49,43,9.3,14.6,8
74.5,64.59999847,189,1357,500,103,85,64,59,55,49,42,9.3,14.6,8
74.5,64.59999847,202,1334,500,102,84,64,58,55,49,43,9.3,14.6,8
74.5,64.59999847,131,1461,500,117,81,77,59,56,47,41,9.3,14.6,8
74.5,64.59999847,123,3000,500,118,81,79,58,55,46,40,9.3,14.6,8
74.5,64.59999847,132,3000,500,117,81,75,60,56,48,42,9.3,14.6,8
74.5,64.59999847,134,2056,500,115,81,75,61,57,48,42,9.3,14.6,8
76.80000305,65.69999695,554,426,500,84,69,60,56,53,49,44,9.3,14.6,8
76.80000305,65.69999695,607,320,500,84,68,59,56,53,48,43,9.3,14.6,8
76.80000305,65.69999695,644,379,500,84,69,59,56,53,49,44,9.3,14.6,8
76.80000305,65.69999695,592,317,500,84,68,60,55,53,48,43,9.3,14.6,8
76.80000305,65.69999695,480,144,500,101,76,66,62,58,49,42,9.3,14.6,8
76.80000305,65.69999695,490,102,500,102,77,66,62,59,50,43,9.3,14.6,8
76.80000305,65.69999695,508,145,500,101,77,66,62,59,51,43,9.3,14.6,8
76.80000305,65.69999695,508,145,500,102,77,66,63,59,50,43,9.3,14.6,8
76.80000305,65.69999695,377,965,500,169,93,68,62,58,54,45,9.3,14.6,8
76.80000305,65.69999695,485,635,500,170,90,65,60,56,50,44,9.3,14.6,8
76.80000305,65.69999695,454,599,500,171,91,66,60,57,50,44,9.3,14.6,8
76.80000305,65.69999695,462,660,500,168,90,65,60,56,50,44,9.3,14.6,8
76.80000305,65.69999695,254,3000,500,116,82,63,58,55,49,44,9.3,14.6,8
76.80000305,65.69999695,279,1675,500,116,81,64,58,55,50,44,9.3,14.6,8
76.80000305,65.69999695,266,1638,500,116,82,64,59,55,50,44,9.3,14.6,8
76.80000305,65.69999695,280,1684,500,116,81,64,58,55,50,44,9.3,14.6,8
76.80000305,65.69999695,250,206,500,163,109,83,76,70,60,52,9.3,14.6,8
76.80000305,65.69999695,242,217,500,164,110,84,77,71,61,52,9.3,14.6,8
76.80000305,65.69999695,259,207,500,163,109,84,77,71,61,53,9.3,14.6,8
76.80000305,65.69999695,254,168,500,162,109,84,77,71,60,52,9.3,14.6,8
74.5,64.59999847,3475,10,500,116,71,63,62,59,52,47,9.3,14.6,8
74.5,64.59999847,4119,10,500,118,71,64,62,60,54,49,9.3,14.6,8
74.5,64.59999847,4119,10,500,117,71,64,62,59,54,48,9.3,14.6,8
74.5,64.59999847,3575,10,500,117,71,64,62,59,53,48,9.3,14.6,8
74.5,64.59999847,493,1050,500,102,79,64,62,58,54,45,9.3,14.6,8
74.5,64.59999847,493,1050,500,103,79,67,63,59,53,48,9.3,14.6,8
74.5,64.59999847,532,713,500,102,78,68,63,60,54,48,9.3,14.6,8
74.5,64.59999847,580,595,500,102,80,65,63,58,55,46,9.3,14.6,8
74.5,64.59999847,322,670,500,179,113,90,80,74,65,55,9.3,14.6,8
74.5,64.59999847,394,624,500,180,113,89,80,75,64,55,9.3,14.6,8
74.5,64.59999847,421,563,500,179,114,90,81,75,65,56,9.3,14.6,8
74.5,64.59999847,360,650,500,179,114,90,80,75,64,55,9.3,14.6,8
74.5,64.59999847,180,1476,500,133,109,84,76,72,63,55,9.3,14.6,8
74.5,64.59999847,198,957,500,134,110,84,77,72,64,55,9.3,14.6,8
74.5,64.59999847,229,558,500,133,110,84,77,72,64,56,9.3,14.6,8
74.5,64.59999847,164,2288,500,133,110,83,76,71,63,54,9.3,14.6,8
74.5,64.59999847,146,818,500,154,108,98,81,76,63,54,9.3,14.6,8
74.5,64.59999847,111,3000,500,153,105,102,78,74,60,53,9.3,14.6,8
74.5,64.59999847,110,3000,500,153,105,102,77,73,59,51,9.3,14.6,8
74.5,64.59999847,107,3000,500,153,105,103,78,74,59,52,9.3,14.6,8
76.80000305,65.69999695,684,206,500,110,90,77,73,69,63,56,9.3,14.6,8
76.80000305,65.69999695,791,112,500,109,88,76,71,68,61,55,9.3,14.6,8
76.80000305,65.69999695,826,147,500,111,89,77,73,69,63,56,9.3,14.6,8
76.80000305,65.69999695,926,10,500,115,93,81,77,73,66,58,9.3,14.6,8
76.80000305,65.69999695,481,10,500,133,100,86,81,76,63,53,9.3,14.6,8
76.80000305,65.69999695,670,11,500,133,100,87,81,77,65,56,9.3,14.6,8
76.80000305,65.69999695,655,15,500,132,100,86,81,77,64,55,9.3,14.6,8
76.80000305,65.69999695,607,20,500,130,100,86,81,77,64,55,9.3,14.6,8
76.80000305,65.69999695,403,793,500,207,117,86,79,75,66,59,9.3,14.6,8
76.80000305,65.69999695,350,959,500,206,117,86,79,74,66,58,9.3,14.6,8
76.80000305,65.69999695,272,2062,500,208,119,87,80,74,67,58,9.3,14.6,8
76.80000305,65.69999695,294,1104,500,212,120,88,81,73,69,56,9.3,14.6,8
76.80000305,65.69999695,322,1012,500,152,106,83,76,72,65,58,9.3,14.6,8
76.80000305,65.69999695,321,972,500,153,106,83,76,72,65,57,9.3,14.6,8
76.80000305,65.69999695,296,1583,500,154,106,83,76,72,65,58,9.3,14.6,8
76.80000305,65.69999695,317,1030,500,153,106,82,75,71,64,57,9.3,14.6,8
76.80000305,65.69999695,218,244,500,210,143,110,100,92,79,68,9.3,14.6,8
76.80000305,65.69999695,229,207,500,211,144,110,101,93,79,68,9.3,14.6,8
76.80000305,65.69999695,262,151,500,208,141,107,98,90,77,66,9.3,14.6,8
76.80000305,65.69999695,262,151,500,212,144,111,102,94,80,69,9.3,14.6,8
74.5,64.59999847,3725,10,500,151,90,81,78,74,67,60,9.3,14.6,8
74.5,64.59999847,3725,10,500,153,91,82,78,75,68,60,9.3,14.6,8
74.5,64.59999847,1779,30,500,151,113,98,92,87,78,69,9.3,14.6,8
74.5,64.59999847,1779,30,500,151,113,98,91,86,78,68,9.3,14.6,8
74.5,64.59999847,1868,43,500,152,113,98,91,86,78,68,9.3,14.6,8
74.5,64.59999847,651,443,500,133,100,86,81,76,68,60,9.3,14.6,8
74.5,64.59999847,522,803,500,135,102,86,81,77,69,60,9.3,14.6,8
74.5,64.59999847,522,803,500,134,101,87,81,77,69,61,9.3,14.6,8
74.5,64.59999847,581,614,500,134,103,84,81,76,69,59,9.3,14.6,8
74.5,64.59999847,361,678,500,236,146,116,104,97,83,71,9.3,14.6,8
74.5,64.59999847,361,678,500,235,145,116,103,96,83,70,9.3,14.6,8
74.5,64.59999847,373,650,500,236,146,116,104,97,84,71,9.3,14.6,8
74.5,64.59999847,354,668,500,235,146,116,104,97,84,70,9.3,14.6,8
74.5,64.59999847,203,1010,500,175,141,107,98,92,81,70,9.3,14.6,8
74.5,64.59999847,221,705,500,176,142,108,99,93,82,71,9.3,14.6,8
74.5,64.59999847,218,750,500,176,142,109,99,94,83,71,9.3,14.6,8
74.5,64.59999847,191,1143,500,175,141,108,98,92,81,70,9.3,14.6,8
74.5,64.59999847,117,3000,500,200,138,127,104,95,80,69,9.3,14.6,8
74.5,64.59999847,114,3000,500,199,138,128,102,94,78,68,9.3,14.6,8
74.5,64.59999847,114,2932,500,199,137,126,102,94,78,68,9.3,14.6,8
74.5,64.59999847,121,3000,500,198,131,130,100,94,77,67,9.3,14.6,8
76.80000305,65.69999695,1138,10,500,149,118,103,98,93,85,76,9.3,14.6,8
76.80000305,65.69999695,1147,10,500,145,116,99,94,90,81,72,9.3,14.6,8
76.80000305,65.69999695,911,73,500,145,116,100,94,89,81,72,9.3,14.6,8
76.80000305,65.69999695,911,73,500,145,115,100,94,89,81,72,9.3,14.6,8
76.80000305,65.69999695,607,20,500,173,131,113,106,100,84,72,9.3,14.6,8
76.80000305,65.69999695,607,20,500,172,131,113,105,100,84,71,9.3,14.6,8
76.80000305,65.69999695,607,20,500,172,130,112,105,100,83,71,9.3,14.6,8
76.80000305,65.69999695,538,38,500,172,130,112,105,100,83,71,9.3,14.6,8
76.80000305,65.69999695,286,1195,500,265,154,113,104,94,89,72,9.3,14.6,8
76.80000305,65.69999695,290,1205,500,268,153,113,104,94,88,72,9.3,14.6,8
76.80000305,65.69999695,304,1166,500,267,153,113,104,95,89,72,9.3,14.6,8
76.80000305,65.69999695,340,1194,500,265,151,113,104,97,88,75,9.3,14.6,8
76.80000305,65.69999695,282,1475,500,199,138,107,98,93,83,74,9.3,14.6,8
76.80000305,65.69999695,322,1061,500,199,137,106,98,92,83,74,9.3,14.6,8
76.80000305,65.69999695,283,3000,500,199,139,105,97,92,84,76,9.3,14.6,8
76.80000305,65.69999695,315,932,500,198,137,107,98,93,83,73,9.3,14.6,8
76.80000305,65.69999695,245,165,500,273,186,143,131,120,103,88,9.3,14.6,8
76.80000305,65.69999695,247,164,500,274,186,143,131,120,103,88,9.3,14.6,8
76.80000305,65.69999695,240,160,500,274,187,144,131,121,103,88,9.3,14.6,8
76.80000305,65.69999695,241,151,500,273,187,144,132,121,103,88,9.3,14.6,8
76.80000305,65.69999695,723,178,500,68,49,39,38,34,32,27,9.3,14.6,8
76.80000305,65.69999695,596,208,500,71,53,43,42,38,35,30,9.3,14.6,8
76.80000305,65.69999695,570,255,500,67,49,41,38,36,32,28,9.3,14.6,8
76.80000305,65.69999695,528,405,500,68,50,41,39,36,33,29,9.3,14.6,8
79.69999695,65.80000305,374,1180,500,58,44,38,35,33,30,27,9.3,14.6,8
79.69999695,65.80000305,436,628,500,54,43,37,34,33,29,26,9.3,14.6,8
79.69999695,65.80000305,414,679,500,53,43,37,34,33,29,26,9.3,14.6,8
79.69999695,65.80000305,520,474,500,54,43,37,35,33,29,27,9.3,14.6,8
79.69999695,65.80000305,242,282,500,81,56,49,44,39,34,29,9.3,14.6,8
79.69999695,65.80000305,242,282,500,82,56,50,44,40,34,29,9.3,14.6,8
79.69999695,65.80000305,242,282,500,82,56,50,44,40,34,30,9.3,14.6,8
79.69999695,65.80000305,242,282,500,81,57,50,44,40,35,30,9.3,14.6,8
79.69999695,65.80000305,167,1299,500,80,61,50,42,40,37,31,9.3,14.6,8
79.69999695,65.80000305,166,860,500,79,61,50,42,39,37,30,9.3,14.6,8
79.69999695,65.80000305,192,437,500,79,61,50,43,40,37,30,9.3,14.6,8
79.69999695,65.80000305,131,3000,500,78,61,50,43,39,36,31,9.3,14.6,8
79.69999695,65.80000305,484,10,500,74,55,50,47,44,36,30,9.3,14.6,8
79.69999695,65.80000305,463,16,500,74,57,51,49,45,37,33,9.3,14.6,8
79.69999695,65.80000305,455,10,500,73,55,50,47,43,36,31,9.3,14.6,8
79.69999695,65.80000305,455,10,500,73,55,50,47,44,36,31,9.3,14.6,8
79.69999695,65.80000305,845,442,500,69,46,41,38,35,32,30,9.3,14.6,8
79.69999695,65.80000305,253,988,500,61,50,43,41,37,34,30,9.3,14.6,8
79.69999695,65.80000305,324,814,500,62,51,43,42,38,35,31,9.3,14.6,8
79.69999695,65.80000305,216,2020,500,62,51,43,42,38,34,30,9.3,14.6,8
79.69999695,65.80000305,216,2020,500,62,51,44,42,38,34,30,9.3,14.6,8
79.69999695,65.80000305,672,601,500,81,52,42,40,37,35,30,9.3,14.6,8
79.69999695,65.80000305,660,663,500,81,51,42,40,37,34,30,9.3,14.6,8
79.69999695,65.80000305,704,473,500,82,53,43,41,38,35,31,9.3,14.6,8
79.69999695,65.80000305,945,326,500,81,51,42,40,37,34,30,9.3,14.6,8
79.69999695,65.80000305,669,10,500,90,64,54,51,48,42,36,9.3,14.6,8
79.69999695,65.80000305,669,10,500,91,64,55,51,48,43,36,9.3,14.6,8
79.69999695,65.80000305,669,10,500,92,65,56,52,49,43,36,9.3,14.6,8
79.69999695,65.80000305,669,10,500,91,65,56,52,49,42,36,9.3,14.6,8
76.80000305,65.69999695,448,519,500,98,73,60,58,53,49,41,9.3,14.6,8
76.80000305,65.69999695,458,379,500,98,74,62,59,54,50,42,9.3,14.6,8
76.80000305,65.69999695,458,379,500,95,72,61,57,53,48,42,9.3,14.6,8
79.69999695,65.80000305,700,341,500,84,64,55,51,49,44,39,9.3,14.6,8
79.69999695,65.80000305,588,683,500,86,65,56,53,50,45,41,9.3,14.6,8
79.69999695,65.80000305,550,698,500,88,67,58,55,52,47,42,9.3,14.6,8
79.69999695,65.80000305,489,665,500,84,64,54,51,48,43,38,9.3,14.6,8
79.69999695,65.80000305,242,282,500,124,83,73,65,59,50,43,9.3,14.6,8
79.69999695,65.80000305,242,282,500,125,84,74,65,58,50,43,9.3,14.6,8
79.69999695,65.80000305,242,282,500,124,84,74,65,59,50,44,9.3,14.6,8
79.69999695,65.80000305,242,282,500,124,84,74,66,59,50,43,9.3,14.6,8
79.69999695,65.80000305,164,1285,500,116,88,73,62,58,53,45,9.3,14.6,8
79.69999695,65.80000305,138,3000,500,117,88,74,64,58,53,46,9.3,14.6,8
79.69999695,65.80000305,174,817,500,117,88,74,63,59,53,45,9.3,14.6,8
79.69999695,65.80000305,164,1008,500,116,87,73,63,57,51,44,9.3,14.6,8
79.69999695,65.80000305,517,12,500,110,82,73,70,64,53,46,9.3,14.6,8
79.69999695,65.80000305,517,12,500,111,83,74,71,65,54,46,9.3,14.6,8
79.69999695,65.80000305,517,12,500,110,83,74,70,65,53,46,9.3,14.6,8
79.69999695,65.80000305,491,14,500,112,83,75,72,66,54,47,9.3,14.6,8
79.69999695,65.80000305,223,2489,500,100,77,65,63,56,51,45,9.3,14.6,8
79.69999695,65.80000305,200,3000,500,101,79,66,64,55,51,44,9.3,14.6,8
79.69999695,65.80000305,195,3000,500,102,81,67,63,54,51,44,9.3,14.6,8
79.69999695,65.80000305,561,290,500,101,75,65,61,57,52,46,9.3,14.6,8
79.69999695,65.80000305,551,592,500,114,74,61,56,53,48,43,9.3,14.6,8
79.69999695,65.80000305,579,643,500,116,77,63,59,56,51,45,9.3,14.6,8
79.69999695,65.80000305,616,923,500,111,75,62,58,56,51,46,9.3,14.6,8
79.69999695,65.80000305,698,10,500,136,95,82,76,73,63,54,9.3,14.6,8
79.69999695,65.80000305,698,10,500,137,96,83,77,73,63,54,9.3,14.6,8
79.69999695,65.80000305,698,10,500,138,96,82,77,74,66,55,9.3,14.6,8
79.69999695,65.80000305,698,10,500,137,96,82,77,74,65,55,9.3,14.6,8
76.80000305,65.69999695,551,226,500,126,94,79,73,69,62,53,9.3,14.6,8
76.80000305,65.69999695,508,297,500,128,95,81,75,71,63,55,9.3,14.6,8
76.80000305,65.69999695,855,112,500,128,95,77,76,70,64,53,9.3,14.6,8
76.80000305,65.69999695,855,112,500,128,95,81,75,71,63,55,9.3,14.6,8
79.69999695,65.80000305,524,569,500,110,84,72,67,64,57,51,9.3,14.6,8
79.69999695,65.80000305,524,569,500,110,84,73,67,64,58,51,9.3,14.6,8
79.69999695,65.80000305,429,862,500,111,86,74,69,65,59,53,9.3,14.6,8
79.69999695,65.80000305,720,261,500,109,82,71,66,63,56,49,9.3,14.6,8
79.69999695,65.80000305,242,282,500,155,109,96,85,77,65,56,9.3,14.6,8
79.69999695,65.80000305,242,282,500,155,109,96,85,77,65,55,9.3,14.6,8
79.69999695,65.80000305,242,282,500,155,110,97,86,77,66,56,9.3,14.6,8
79.69999695,65.80000305,242,282,500,155,110,97,85,77,65,56,9.3,14.6,8
79.69999695,65.80000305,232,348,500,154,113,95,82,76,69,58,9.3,14.6,8
79.69999695,65.80000305,179,953,500,156,115,96,83,77,70,59,9.3,14.6,8
79.69999695,65.80000305,223,360,500,153,113,94,81,75,68,57,9.3,14.6,8
79.69999695,65.80000305,278,199,500,155,116,95,82,77,73,56,9.3,14.6,8
79.69999695,65.80000305,464,10,500,146,108,97,92,85,69,60,9.3,14.6,8
79.69999695,65.80000305,407,10,500,146,108,97,92,84,69,58,9.3,14.6,8
79.69999695,65.80000305,440,16,500,146,110,97,93,85,70,60,9.3,14.6,8
79.69999695,65.80000305,440,16,500,147,110,97,93,86,70,60,9.3,14.6,8
79.69999695,65.80000305,1074,251,500,125,90,79,74,71,64,58,9.3,14.6,8
79.69999695,65.80000305,1074,251,500,125,90,79,74,70,64,58,9.3,14.6,8
79.69999695,65.80000305,1074,251,500,126,90,79,74,71,65,58,9.3,14.6,8
79.69999695,65.80000305,192,2577,500,124,101,85,81,72,67,57,9.3,14.6,8
79.69999695,65.80000305,574,226,500,125,96,83,78,75,67,59,9.3,14.6,8
79.69999695,65.80000305,821,128,500,125,97,84,79,76,68,60,9.3,14.6,8
79.69999695,65.80000305,865,10,500,124,97,84,79,75,68,59,9.3,14.6,8
79.69999695,65.80000305,579,643,500,151,99,83,77,73,66,59,9.3,14.6,8
79.69999695,65.80000305,579,643,500,151,100,83,78,73,66,58,9.3,14.6,8
79.69999695,65.80000305,579,643,500,151,99,83,76,73,66,58,9.3,14.6,8
79.69999695,65.80000305,616,923,500,142,97,80,75,72,66,59,9.3,14.6,8
79.69999695,65.80000305,664,706,500,143,98,81,76,73,67,60,9.3,14.6,8
79.69999695,65.80000305,664,706,500,143,98,81,77,74,67,61,9.3,14.6,8
79.69999695,65.80000305,664,706,500,142,97,81,76,73,66,59,9.3,14.6,8
79.69999695,65.80000305,698,10,500,176,125,107,100,95,84,71,9.3,14.6,8
79.69999695,65.80000305,723,10,500,179,127,110,102,98,86,73,9.3,14.6,8
79.69999695,65.80000305,586,10,500,177,126,109,101,96,83,71,9.3,14.6,8
79.69999695,65.80000305,586,10,500,177,126,109,101,97,84,72,9.3,14.6,8
76.80000305,65.69999695,855,112,500,166,122,102,97,91,81,69,9.3,14.6,8
76.80000305,65.69999695,855,112,500,166,122,105,97,91,81,71,9.3,14.6,8
76.80000305,65.69999695,855,112,500,167,122,103,97,91,82,70,9.3,14.6,8
79.69999695,65.80000305,492,610,500,144,108,93,87,82,73,65,9.3,14.6,8
79.69999695,65.80000305,492,610,500,144,108,93,87,82,73,65,9.3,14.6,8
79.69999695,65.80000305,492,610,500,144,108,94,87,83,73,65,9.3,14.6,8
79.69999695,65.80000305,492,610,500,144,108,94,87,83,74,66,9.3,14.6,8
79.69999695,65.80000305,242,282,500,203,142,125,110,100,84,72,9.3,14.6,8
79.69999695,65.80000305,242,282,500,204,143,125,111,100,84,73,9.3,14.6,8
79.69999695,65.80000305,224,206,500,206,144,127,112,101,85,73,9.3,14.6,8
79.69999695,65.80000305,224,206,500,204,143,126,111,100,84,73,9.3,14.6,8
79.69999695,65.80000305,154,875,500,196,145,124,106,97,85,73,9.3,14.6,8
79.69999695,65.80000305,136,1317,500,196,146,122,105,96,83,71,9.3,14.6,8
79.69999695,65.80000305,136,1317,500,198,145,122,105,96,80,70,9.3,14.6,8
79.69999695,65.80000305,110,3000,500,198,145,122,105,96,78,69,9.3,14.6,8
79.69999695,65.80000305,440,10,500,190,141,125,119,109,89,76,9.3,14.6,8
79.69999695,65.80000305,440,10,500,190,141,126,120,110,89,76,9.3,14.6,8
79.69999695,65.80000305,440,10,500,190,140,126,119,110,89,76,9.3,14.6,8
79.69999695,65.80000305,440,10,500,191,141,127,120,111,90,77,9.3,14.6,8
79.69999695,65.80000305,1074,251,500,161,117,102,96,91,83,74,9.3,14.6,8
79.69999695,65.80000305,1749,28,500,163,120,101,97,94,86,76,9.3,14.6,8
79.69999695,65.80000305,1542,10,500,161,117,100,95,91,83,73,9.3,14.6,8
79.69999695,65.80000305,1542,10,500,161,117,101,95,91,83,74,9.3,14.6,8
79.69999695,65.80000305,1004,53,500,169,126,109,103,98,88,77,9.3,14.6,8
79.69999695,65.80000305,896,64,500,169,126,108,103,96,86,75,9.3,14.6,8
79.69999695,65.80000305,896,64,500,168,126,109,103,97,86,75,9.3,14.6,8
79.69999695,65.80000305,1021,13,500,167,124,108,101,96,85,74,9.3,14.6,8
79.69999695,65.80000305,536,579,500,194,132,110,103,97,88,79,9.3,14.6,8
79.69999695,65.80000305,698,327,500,193,130,108,101,96,86,76,9.3,14.6,8
79.69999695,65.80000305,698,327,500,192,129,108,100,95,85,75,9.3,14.6,8
79.69999695,65.80000305,698,327,500,192,129,107,99,94,84,74,9.3,14.6,8
79.69999695,65.80000305,892,373,500,184,126,104,97,94,86,76,9.3,14.6,8
79.69999695,65.80000305,892,373,500,185,126,105,98,94,85,76,9.3,14.6,8
79.69999695,65.80000305,649,617,500,186,127,106,98,95,87,76,9.3,14.6,8
79.69999695,65.80000305,649,617,500,185,126,105,97,94,87,75,9.3,14.6,8
79.69999695,65.80000305,586,10,500,228,162,140,129,124,107,90,9.3,14.6,8
79.69999695,65.80000305,586,10,500,230,163,141,131,125,108,91,9.3,14.6,8
79.69999695,65.80000305,586,10,500,229,162,140,130,124,106,90,9.3,14.6,8
79.69999695,65.80000305,586,10,500,230,163,140,130,124,106,90,9.3,14.6,8
84.40000153,84.40000153,255,2000,500,79,51,37,34,33,30,26,9.3,14.6,8
84.40000153,84.40000153,302,2000,500,78,52,37,35,34,32,28,9.3,14.6,8
84.40000153,84.40000153,238,2000,500,77,52,37,34,33,29,26,9.3,14.6,8
84.40000153,84.40000153,258,2000,500,76,48,36,33,31,29,25,9.3,14.6,8
84.40000153,84.40000153,150,2000,500,92,68,45,38,36,34,30,9.3,14.6,8
84.40000153,84.40000153,150,2000,500,90,69,44,37,36,33,29,9.3,14.6,8
84.40000153,84.40000153,144,2000,500,91,69,45,37,36,33,29,9.3,14.6,8
84.40000153,84.40000153,154,2000,500,90,67,44,37,35,32,28,9.3,14.6,8
84.59999847,84.59999847,202,2000,500,80,55,39,34,33,30,26,9.3,14.6,8
84.59999847,84.59999847,177,2000,500,79,56,38,34,32,29,25,9.3,14.6,8
84.59999847,84.59999847,172,2000,500,78,57,38,33,32,30,25,9.3,14.6,8
84.59999847,84.59999847,154,2000,500,81,58,41,35,33,31,26,9.3,14.6,8
84.59999847,84.59999847,161,2000,500,96,61,42,40,38,34,29,9.3,14.6,8
84.59999847,84.59999847,148,2000,500,94,61,43,40,37,35,28,9.3,14.6,8
84.59999847,84.59999847,145,2000,500,94,60,43,39,37,35,28,9.3,14.6,8
84.59999847,84.59999847,148,2000,500,94,60,43,39,37,33,29,9.3,14.6,8
84.59999847,84.59999847,128,2000,500,99,61,44,39,37,33,28,9.3,14.6,8
84.59999847,84.59999847,118,2000,500,97,62,44,39,36,33,28,9.3,14.6,8
84.59999847,84.59999847,120,2000,500,97,61,44,39,37,33,28,9.3,14.6,8
84.59999847,84.59999847,120,2000,500,97,61,44,39,37,33,28,9.3,14.6,8
84.59999847,84.59999847,201,2000,500,81,53,43,37,36,34,28,9.3,14.6,8
84.59999847,84.59999847,196,2000,500,81,54,43,37,36,34,28,9.3,14.6,8
84.59999847,84.59999847,222,2000,500,80,53,43,38,36,34,29,9.3,14.6,8
84.59999847,84.59999847,100,2000,500,107,64,49,42,38,35,29,9.3,14.6,8
84.59999847,84.59999847,105,2000,500,105,63,48,41,38,34,29,9.3,14.6,8
84.59999847,84.59999847,106,2000,500,105,63,48,41,38,34,29,9.3,14.6,8
84.59999847,84.59999847,115,2000,500,103,61,46,40,37,33,28,9.3,14.6,8
84.59999847,84.59999847,186,667,500,105,61,43,37,34,32,28,9.3,14.6,8
84.59999847,84.59999847,215,590,500,104,60,43,37,35,33,28,9.3,14.6,8
84.59999847,84.59999847,206,602,500,104,60,44,37,35,33,28,9.3,14.6,8
84.59999847,84.59999847,203,652,500,104,60,43,37,35,33,28,9.3,14.6,8
84.59999847,84.59999847,132,2000,500,115,70,45,39,38,36,33,9.3,14.6,8
84.59999847,84.59999847,136,2000,500,115,70,46,40,39,36,33,9.3,14.6,8
84.59999847,84.59999847,131,2000,500,115,70,46,40,39,36,33,9.3,14.6,8
84.59999847,84.59999847,125,2000,500,115,70,45,40,39,35,32,9.3,14.6,8
84.59999847,84.59999847,48,2000,500,143,92,67,53,48,40,33,9.3,14.6,8
84.59999847,84.59999847,49,2000,500,142,92,66,52,48,40,33,9.3,14.6,8
84.59999847,84.59999847,43,2000,500,141,92,65,51,47,38,30,9.3,14.6,8
84.59999847,84.59999847,45,2000,500,139,91,64,50,45,37,29,9.3,14.6,8
84.40000153,84.40000153,266,2000,500,118,78,56,53,51,46,40,9.3,14.6,8
84.40000153,84.40000153,274,2000,500,118,75,56,52,50,45,40,9.3,14.6,8
84.40000153,84.40000153,252,2000,500,119,76,56,53,50,45,40,9.3,14.6,8
84.40000153,84.40000153,278,2000,500,118,80,56,53,52,46,41,9.3,14.6,8
84.40000153,84.40000153,138,2000,500,139,101,71,58,56,50,44,9.3,14.6,8
84.40000153,84.40000153,161,1875,500,139,105,67,56,55,52,45,9.3,14.6,8
84.40000153,84.40000153,155,2000,500,140,106,67,56,55,51,44,9.3,14.6,8
84.59999847,84.59999847,250,2000,500,122,72,58,52,49,45,40,9.3,14.6,8
84.59999847,84.59999847,231,2000,500,123,73,59,52,49,45,40,9.3,14.6,8
84.59999847,84.59999847,226,2000,500,123,74,60,53,50,46,40,9.3,14.6,8
84.59999847,84.59999847,247,2000,500,123,72,59,52,50,46,40,9.3,14.6,8
84.59999847,84.59999847,103,2000,500,173,109,66,64,50,49,44,9.3,14.6,8
84.59999847,84.59999847,142,2000,500,143,90,70,61,56,55,43,9.3,14.6,8
84.59999847,84.59999847,150,2000,500,144,91,69,61,57,54,44,9.3,14.6,8
84.59999847,84.59999847,141,2000,500,146,92,72,62,58,56,45,9.3,14.6,8
84.59999847,84.59999847,142,2000,500,145,93,71,63,58,55,46,9.3,14.6,8
84.59999847,84.59999847,122,2000,500,147,96,70,61,58,51,44,9.3,14.6,8
84.59999847,84.59999847,107,2000,500,147,93,69,58,51,50,39,9.3,14.6,8
84.59999847,84.59999847,112,2000,500,150,96,72,61,55,54,42,9.3,14.6,8
84.59999847,84.59999847,219,2000,500,122,81,66,58,56,52,44,9.3,14.6,8
84.59999847,84.59999847,222,2000,500,122,82,66,58,57,52,45,9.3,14.6,8
84.59999847,84.59999847,213,2000,500,122,80,64,59,56,50,43,9.3,14.6,8
84.59999847,84.59999847,193,970,500,123,82,67,57,56,51,41,9.3,14.6,8
84.59999847,84.59999847,112,2000,500,158,96,75,65,60,53,46,9.3,14.6,8
84.59999847,84.59999847,111,2000,500,160,96,76,66,60,52,46,9.3,14.6,8
84.59999847,84.59999847,110,2000,500,159,96,75,65,60,51,46,9.3,14.6,8
84.59999847,84.59999847,107,2000,500,159,97,75,65,60,53,45,9.3,14.6,8
84.59999847,84.59999847,241,487,500,160,91,67,57,55,50,45,9.3,14.6,8
84.59999847,84.59999847,199,512,500,161,92,69,61,57,54,44,9.3,14.6,8
84.59999847,84.59999847,200,398,500,163,95,73,65,60,56,46,9.3,14.6,8
84.59999847,84.59999847,145,721,500,159,92,70,63,58,55,42,9.3,14.6,8
84.59999847,84.59999847,130,2000,500,173,105,70,60,59,54,48,9.3,14.6,8
84.59999847,84.59999847,123,2000,500,174,106,72,61,60,55,49,9.3,14.6,8
84.59999847,84.59999847,54,2000,500,214,139,102,83,74,62,53,9.3,14.6,8
84.59999847,84.59999847,54,2000,500,214,140,103,83,74,62,53,9.3,14.6,8
84.59999847,84.59999847,54,2000,500,214,139,103,83,74,62,53,9.3,14.6,8
84.59999847,84.59999847,54,2000,500,214,140,103,83,74,62,52,9.3,14.6,8
84.40000153,84.40000153,255,2000,500,159,106,76,71,68,62,55,9.3,14.6,8
84.40000153,84.40000153,261,2000,500,157,104,74,69,67,60,53,9.3,14.6,8
84.40000153,84.40000153,232,2000,500,157,103,74,69,66,59,52,9.3,14.6,8
84.40000153,84.40000153,233,2000,500,156,100,72,67,64,58,50,9.3,14.6,8
84.40000153,84.40000153,148,2000,500,184,139,88,74,71,65,57,9.3,14.6,8
84.40000153,84.40000153,146,2000,500,185,140,89,74,73,66,57,9.3,14.6,8
84.40000153,84.40000153,139,2000,500,185,133,93,76,74,65,56,9.3,14.6,8
84.40000153,84.40000153,145,2000,500,185,139,89,75,72,66,57,9.3,14.6,8
84.59999847,84.59999847,220,2000,500,163,98,78,69,66,60,53,9.3,14.6,8
84.59999847,84.59999847,220,2000,500,163,97,78,69,66,60,52,9.3,14.6,8
84.59999847,84.59999847,213,2000,500,163,97,78,69,66,60,52,9.3,14.6,8
84.59999847,84.59999847,211,2000,500,163,97,78,69,66,60,52,9.3,14.6,8
84.59999847,84.59999847,98,2000,500,229,145,88,85,68,66,59,9.3,14.6,8
84.59999847,84.59999847,95,2000,500,230,146,90,84,72,67,58,9.3,14.6,8
84.59999847,84.59999847,101,2000,500,232,148,92,88,73,70,62,9.3,14.6,8
84.59999847,84.59999847,93,2000,500,230,146,91,84,72,67,58,9.3,14.6,8
84.59999847,84.59999847,135,2000,500,191,122,90,81,77,70,58,9.3,14.6,8
84.59999847,84.59999847,126,2000,500,190,120,92,80,75,70,56,9.3,14.6,8
84.59999847,84.59999847,130,2000,500,191,121,93,82,76,71,58,9.3,14.6,8
84.59999847,84.59999847,127,2000,500,191,121,92,82,76,70,58,9.3,14.6,8
84.59999847,84.59999847,105,2000,500,197,129,92,81,77,67,57,9.3,14.6,8
84.59999847,84.59999847,109,2000,500,197,130,94,82,78,68,59,9.3,14.6,8
84.59999847,84.59999847,110,2000,500,194,126,90,79,75,65,56,9.3,14.6,8
84.59999847,84.59999847,195,2000,500,161,107,86,75,73,68,56,9.3,14.6,8
84.59999847,84.59999847,187,1666,500,162,107,86,76,74,67,55,9.3,14.6,8
84.59999847,84.59999847,191,2000,500,161,107,86,76,74,67,56,9.3,14.6,8
84.59999847,84.59999847,186,2000,500,161,108,87,76,74,67,56,9.3,14.6,8
84.59999847,84.59999847,104,2000,500,212,128,99,86,79,68,59,9.3,14.6,8
84.59999847,84.59999847,100,2000,500,212,129,100,86,79,69,59,9.3,14.6,8
84.59999847,84.59999847,98,2000,500,212,129,100,86,79,69,59,9.3,14.6,8
84.59999847,84.59999847,96,2000,500,212,129,100,86,79,70,59,9.3,14.6,8
84.59999847,84.59999847,196,572,500,213,122,89,76,72,66,57,9.3,14.6,8
84.59999847,84.59999847,214,521,500,215,123,89,76,72,67,58,9.3,14.6,8
84.59999847,84.59999847,220,498,500,215,123,89,76,72,67,59,9.3,14.6,8
84.59999847,84.59999847,231,453,500,215,123,90,77,73,68,60,9.3,14.6,8
84.59999847,84.59999847,113,2000,500,231,141,95,82,80,72,63,9.3,14.6,8
84.59999847,84.59999847,112,2000,500,231,141,94,81,78,71,62,9.3,14.6,8
84.59999847,84.59999847,101,2000,500,229,138,91,77,76,67,57,9.3,14.6,8
84.59999847,84.59999847,107,2000,500,231,141,96,82,78,71,62,9.3,14.6,8
84.59999847,84.59999847,52,2000,500,282,183,134,108,96,80,67,9.3,14.6,8
84.59999847,84.59999847,48,2000,500,284,186,137,110,100,82,68,9.3,14.6,8
84.59999847,84.59999847,48,2000,500,283,186,137,110,99,82,68,9.3,14.6,8
84.59999847,84.59999847,48,2000,500,283,186,137,111,100,82,68,9.3,14.6,8
84.40000153,84.40000153,257,2000,500,208,134,96,89,86,77,68,9.3,14.6,8
84.40000153,84.40000153,249,2000,500,209,130,96,89,85,77,67,9.3,14.6,8
84.40000153,84.40000153,246,2000,500,209,132,97,90,86,77,68,9.3,14.6,8
84.40000153,84.40000153,235,2000,500,206,130,93,86,83,73,64,9.3,14.6,8
84.40000153,84.40000153,156,2000,500,244,173,119,98,96,85,74,9.3,14.6,8
84.40000153,84.40000153,161,2000,500,247,179,119,100,97,87,75,9.3,14.6,8
84.40000153,84.40000153,152,2000,500,247,173,122,101,98,87,75,9.3,14.6,8
84.40000153,84.40000153,165,2000,500,245,178,116,98,94,86,75,9.3,14.6,8
84.59999847,84.59999847,229,2000,500,215,127,102,90,86,77,67,9.3,14.6,8
84.59999847,84.59999847,234,2000,500,215,127,102,90,86,78,68,9.3,14.6,8
84.59999847,84.59999847,225,2000,500,215,129,103,90,85,78,68,9.3,14.6,8
84.59999847,84.59999847,229,2000,500,215,129,102,90,85,78,68,9.3,14.6,8
84.59999847,84.59999847,102,2000,500,303,192,119,110,94,87,76,9.3,14.6,8
84.59999847,84.59999847,110,2000,500,303,188,114,111,87,85,75,9.3,14.6,8
84.59999847,84.59999847,101,2000,500,304,191,122,109,98,88,76,9.3,14.6,8
84.59999847,84.59999847,135,2000,500,251,157,122,106,98,94,74,9.3,14.6,8
84.59999847,84.59999847,129,2000,500,251,156,126,104,97,95,72,9.3,14.6,8
84.59999847,84.59999847,131,2000,500,251,157,126,103,97,95,73,9.3,14.6,8
84.59999847,84.59999847,127,2000,500,251,157,127,103,97,95,73,9.3,14.6,8
84.59999847,84.59999847,113,2000,500,264,170,122,108,102,88,75,9.3,14.6,8
84.59999847,84.59999847,113,2000,500,263,170,122,107,101,88,75,9.3,14.6,8
84.59999847,84.59999847,112,2000,500,263,170,122,107,101,87,75,9.3,14.6,8
84.59999847,84.59999847,115,2000,500,263,170,122,107,102,88,75,9.3,14.6,8
84.59999847,84.59999847,200,1255,500,215,141,112,100,97,86,71,9.3,14.6,8
84.59999847,84.59999847,187,1901,500,215,142,113,100,97,87,72,9.3,14.6,8
84.59999847,84.59999847,183,2000,500,214,142,113,99,97,87,71,9.3,14.6,8
84.59999847,84.59999847,177,1965,500,215,143,114,98,97,87,71,9.3,14.6,8
84.59999847,84.59999847,100,2000,500,282,169,131,113,104,90,77,9.3,14.6,8
84.59999847,84.59999847,98,2000,500,281,170,132,113,104,90,77,9.3,14.6,8
84.59999847,84.59999847,101,2000,500,280,169,131,113,104,89,77,9.3,14.6,8
84.59999847,84.59999847,99,2000,500,280,170,132,114,104,90,77,9.3,14.6,8
84.59999847,84.59999847,212,682,500,281,160,116,99,94,86,76,9.3,14.6,8
84.59999847,84.59999847,202,765,500,281,159,115,98,93,85,75,9.3,14.6,8
84.59999847,84.59999847,203,720,500,281,160,116,99,94,86,75,9.3,14.6,8
84.59999847,84.59999847,202,727,500,281,160,116,99,93,86,75,9.3,14.6,8
84.59999847,84.59999847,112,2000,500,302,184,124,106,102,92,80,9.3,14.6,8
84.59999847,84.59999847,112,2000,500,302,184,124,106,103,93,80,9.3,14.6,8
84.59999847,84.59999847,108,2000,500,303,184,126,107,102,92,80,9.3,14.6,8
84.59999847,84.59999847,102,2000,500,303,184,127,108,102,91,79,9.3,14.6,8
84.59999847,84.59999847,49,2000,500,372,244,179,145,131,107,89,9.3,14.6,8
84.59999847,84.59999847,51,2000,500,371,242,179,145,129,108,90,9.3,14.6,8
84.59999847,84.59999847,49,2000,500,372,244,180,146,131,108,90,9.3,14.6,8
84.59999847,84.59999847,49,2000,500,371,245,180,146,131,108,90,9.3,14.6,8
84.59999847,84.59999847,369,639,500,91,57,49,44,41,37,33,9.3,14.6,8
84.59999847,84.59999847,425,219,500,90,57,49,43,40,36,31,9.3,14.6,8
84.59999847,84.59999847,425,219,500,92,57,49,44,40,36,31,9.3,14.6,8
84.59999847,84.59999847,425,219,500,90,57,48,43,40,36,31,9.3,14.6,8
84.59999847,84.59999847,353,350,500,72,47,39,35,31,28,24,9.3,14.6,8
84.59999847,84.59999847,438,254,500,76,51,44,40,36,33,28,9.3,14.6,8
84.59999847,84.59999847,456,482,500,75,50,43,39,36,33,29,9.3,14.6,8
84.59999847,84.59999847,283,881,500,76,51,43,39,35,33,28,9.3,14.6,8
84.69999695,84.69999695,211,2060,500,62,47,41,37,34,30,27,9.3,14.6,8
84.69999695,84.69999695,197,3000,500,64,47,42,39,35,29,27,9.3,14.6,8
84.69999695,84.69999695,82,2029,500,98,69,58,46,44,35,29,9.3,14.6,8
84.69999695,84.69999695,107,210,500,97,69,57,46,43,34,27,9.3,14.6,8
84.69999695,84.69999695,77,3000,500,98,69,59,48,44,36,30,9.3,14.6,8
84.69999695,84.69999695,92,851,500,96,69,57,47,43,35,29,9.3,14.6,8
84.69999695,84.69999695,213,561,500,88,62,48,45,40,37,26,9.3,14.6,8
84.69999695,84.69999695,230,660,500,88,62,49,45,41,36,28,9.3,14.6,8
84.69999695,84.69999695,118,2227,500,85,59,51,45,42,35,30,9.3,14.6,8
84.69999695,84.69999695,250,130,500,86,60,52,47,43,37,30,9.3,14.6,8
84.69999695,84.69999695,262,236,500,86,60,53,47,44,37,32,9.3,14.6,8
84.69999695,84.69999695,276,147,500,87,61,53,47,44,38,31,9.3,14.6,8
84.69999695,84.69999695,1589,113,500,92,54,45,42,38,37,33,9.3,14.6,8
84.69999695,84.69999695,1637,10,500,91,54,45,42,38,37,32,9.3,14.6,8
84.69999695,84.69999695,1637,10,500,91,54,45,42,38,36,31,9.3,14.6,8
84.69999695,84.69999695,1321,262,500,78,53,42,38,36,34,30,9.3,14.6,8
84.69999695,84.69999695,527,581,500,77,52,42,39,37,34,30,9.3,14.6,8
84.69999695,84.69999695,434,1030,500,78,53,42,39,37,35,30,9.3,14.6,8
84.69999695,84.69999695,453,692,500,78,53,42,39,37,34,30,9.3,14.6,8
84.69999695,84.69999695,137,3000,500,98,67,56,49,45,39,35,9.3,14.6,8
84.69999695,84.69999695,151,3000,500,96,67,55,49,45,40,35,9.3,14.6,8
84.69999695,84.69999695,163,3000,500,95,67,55,48,44,39,35,9.3,14.6,8
84.69999695,84.69999695,167,2224,500,96,67,56,49,46,42,36,9.3,14.6,8
84.59999847,84.59999847,356,635,500,144,87,75,67,62,55,49,9.3,14.6,8
84.59999847,84.59999847,356,635,500,145,87,75,68,63,56,49,9.3,14.6,8
84.59999847,84.59999847,503,298,500,145,87,75,68,63,56,49,9.3,14.6,8
84.59999847,84.59999847,503,298,500,145,87,75,67,62,55,48,9.3,14.6,8
84.59999847,84.59999847,375,498,500,118,78,68,61,56,51,45,9.3,14.6,8
84.59999847,84.59999847,399,402,500,117,77,66,59,55,49,42,9.3,14.6,8
84.59999847,84.59999847,388,609,500,119,79,68,61,57,52,45,9.3,14.6,8
84.59999847,84.59999847,374,500,500,117,77,67,60,55,50,43,9.3,14.6,8
84.69999695,84.69999695,279,1383,500,99,73,63,57,54,50,43,9.3,14.6,8
84.69999695,84.69999695,279,1383,500,100,74,65,58,54,50,44,9.3,14.6,8
84.69999695,84.69999695,367,673,500,101,76,66,60,57,52,46,9.3,14.6,8
84.69999695,84.69999695,514,435,500,99,72,62,56,53,49,43,9.3,14.6,8
84.69999695,84.69999695,96,1343,500,150,106,88,75,68,56,48,9.3,14.6,8
84.69999695,84.69999695,103,863,500,149,104,87,75,67,55,47,9.3,14.6,8
84.69999695,84.69999695,103,863,500,149,104,86,76,67,55,47,9.3,14.6,8
84.69999695,84.69999695,103,863,500,148,103,86,75,66,54,46,9.3,14.6,8
84.69999695,84.69999695,189,796,500,134,94,74,71,63,55,41,9.3,14.6,8
84.69999695,84.69999695,233,417,500,135,95,76,73,64,56,43,9.3,14.6,8
84.69999695,84.69999695,212,708,500,135,95,74,72,63,56,42,9.3,14.6,8
84.69999695,84.69999695,203,667,500,135,96,76,72,64,56,43,9.3,14.6,8
84.69999695,84.69999695,276,147,500,132,92,80,72,66,56,47,9.3,14.6,8
84.69999695,84.69999695,276,147,500,133,93,81,72,67,56,48,9.3,14.6,8
84.69999695,84.69999695,276,147,500,133,93,81,72,67,56,48,9.3,14.6,8
84.69999695,84.69999695,276,147,500,133,93,81,72,66,56,47,9.3,14.6,8
84.69999695,84.69999695,254,2630,500,117,83,68,61,57,54,47,9.3,14.6,8
84.69999695,84.69999695,275,3000,500,120,83,67,60,56,54,47,9.3,14.6,8
84.69999695,84.69999695,1744,13,500,137,83,70,64,60,56,49,9.3,14.6,8
84.69999695,84.69999695,536,529,500,136,82,69,62,59,54,47,9.3,14.6,8
84.69999695,84.69999695,880,340,500,138,85,71,66,62,58,51,9.3,14.6,8
84.69999695,84.69999695,675,382,500,137,83,70,64,60,55,48,9.3,14.6,8
84.69999695,84.69999695,439,989,500,120,81,66,60,58,54,47,9.3,14.6,8
84.69999695,84.69999695,439,989,500,119,81,67,61,58,53,47,9.3,14.6,8
84.69999695,84.69999695,462,827,500,120,81,66,61,58,54,47,9.3,14.6,8
84.69999695,84.69999695,410,1210,500,119,81,66,60,58,53,47,9.3,14.6,8
84.69999695,84.69999695,149,1560,500,141,103,84,76,70,61,55,9.3,14.6,8
84.69999695,84.69999695,177,742,500,142,104,87,77,72,64,56,9.3,14.6,8
84.69999695,84.69999695,177,742,500,142,104,86,77,72,64,56,9.3,14.6,8
84.69999695,84.69999695,224,278,500,141,102,85,75,70,62,53,9.3,14.6,8
84.59999847,84.59999847,503,298,500,191,119,97,89,83,74,63,9.3,14.6,8
84.59999847,84.59999847,503,298,500,189,116,100,89,83,74,64,9.3,14.6,8
84.59999847,84.59999847,503,298,500,190,115,100,89,83,73,63,9.3,14.6,8
84.59999847,84.59999847,503,298,500,189,116,100,90,83,73,64,9.3,14.6,8
84.59999847,84.59999847,468,247,500,155,104,89,80,74,67,58,9.3,14.6,8
84.59999847,84.59999847,468,247,500,156,104,90,80,75,67,58,9.3,14.6,8
84.59999847,84.59999847,468,247,500,156,104,89,80,74,67,58,9.3,14.6,8
84.59999847,84.59999847,468,247,500,155,103,89,80,74,66,57,9.3,14.6,8
84.69999695,84.69999695,287,1004,500,133,98,83,76,72,64,57,9.3,14.6,8
84.69999695,84.69999695,339,578,500,131,96,82,74,70,62,55,9.3,14.6,8
84.69999695,84.69999695,338,772,500,133,97,83,75,71,64,56,9.3,14.6,8
84.69999695,84.69999695,347,602,500,132,96,82,74,70,62,55,9.3,14.6,8
84.69999695,84.69999695,96,685,500,198,139,116,100,89,72,61,9.3,14.6,8
84.69999695,84.69999695,96,685,500,198,139,116,98,89,71,60,9.3,14.6,8
84.69999695,84.69999695,96,685,500,198,140,116,99,89,72,61,9.3,14.6,8
84.69999695,84.69999695,96,685,500,198,139,116,98,89,72,60,9.3,14.6,8
84.69999695,84.69999695,230,585,500,179,126,101,94,85,74,58,9.3,14.6,8
84.69999695,84.69999695,246,502,500,179,128,104,94,86,74,61,9.3,14.6,8
84.69999695,84.69999695,228,537,500,179,128,104,94,86,73,61,9.3,14.6,8
84.69999695,84.69999695,229,543,500,179,128,103,94,86,74,60,9.3,14.6,8
84.69999695,84.69999695,256,148,500,177,125,107,96,89,75,63,9.3,14.6,8
84.69999695,84.69999695,256,148,500,177,125,107,96,89,75,62,9.3,14.6,8
84.69999695,84.69999695,256,148,500,178,125,107,96,89,75,64,9.3,14.6,8
84.69999695,84.69999695,256,148,500,177,125,107,96,89,75,63,9.3,14.6,8
84.69999695,84.69999695,414,217,500,155,107,88,85,75,67,56,9.3,14.6,8
84.69999695,84.69999695,450,228,500,157,109,89,88,78,69,58,9.3,14.6,8
84.69999695,84.69999695,571,78,500,153,105,86,84,74,66,54,9.3,14.6,8
84.69999695,84.69999695,243,2818,500,157,108,87,78,72,69,59,9.3,14.6,8
84.69999695,84.69999695,354,720,500,158,109,89,80,76,70,61,9.3,14.6,8
84.69999695,84.69999695,295,1802,500,158,108,87,77,73,70,60,9.3,14.6,8
84.69999695,84.69999695,264,2187,500,158,108,87,76,72,69,59,9.3,14.6,8
84.69999695,84.69999695,675,382,500,178,110,91,83,78,71,62,9.3,14.6,8
84.69999695,84.69999695,533,332,500,177,109,90,82,77,69,60,9.3,14.6,8
84.69999695,84.69999695,534,431,500,178,110,91,83,78,71,62,9.3,14.6,8
84.69999695,84.69999695,534,431,500,178,110,92,84,79,71,62,9.3,14.6,8
84.69999695,84.69999695,404,758,500,157,108,88,81,77,71,62,9.3,14.6,8
84.69999695,84.69999695,404,758,500,158,107,88,82,78,71,61,9.3,14.6,8
84.69999695,84.69999695,677,262,500,158,107,88,82,78,72,60,9.3,14.6,8
84.69999695,84.69999695,596,328,500,158,107,88,82,77,71,60,9.3,14.6,8
84.69999695,84.69999695,221,263,500,190,139,115,102,96,85,72,9.3,14.6,8
84.69999695,84.69999695,221,263,500,191,138,115,102,96,85,73,9.3,14.6,8
84.69999695,84.69999695,221,263,500,190,138,114,102,95,84,72,9.3,14.6,8
84.69999695,84.69999695,193,475,500,191,139,116,103,97,86,74,9.3,14.6,8
84.59999847,84.59999847,450,361,500,250,151,129,116,108,95,83,9.3,14.6,8
84.59999847,84.59999847,450,361,500,248,154,125,116,108,96,82,9.3,14.6,8
84.59999847,84.59999847,450,361,500,247,151,128,116,108,95,83,9.3,14.6,8
84.59999847,84.59999847,450,361,500,248,153,126,116,108,96,82,9.3,14.6,8
84.59999847,84.59999847,383,405,500,203,138,116,103,98,87,74,9.3,14.6,8
84.59999847,84.59999847,383,405,500,203,138,116,103,99,87,74,9.3,14.6,8
84.59999847,84.59999847,383,405,500,203,139,117,103,99,87,74,9.3,14.6,8
84.59999847,84.59999847,361,421,500,203,140,116,102,99,87,74,9.3,14.6,8
84.69999695,84.69999695,323,963,500,175,126,108,98,92,82,72,9.3,14.6,8
84.69999695,84.69999695,323,963,500,176,127,109,99,93,84,74,9.3,14.6,8
84.69999695,84.69999695,323,963,500,177,127,109,100,93,83,74,9.3,14.6,8
84.69999695,84.69999695,323,963,500,176,126,108,99,92,83,73,9.3,14.6,8
84.69999695,84.69999695,94,866,500,258,183,152,126,118,92,79,9.3,14.6,8
84.69999695,84.69999695,78,2320,500,259,186,155,124,119,91,80,9.3,14.6,8
84.69999695,84.69999695,78,2320,500,259,183,152,128,117,92,78,9.3,14.6,8
84.69999695,84.69999695,78,2320,500,260,181,151,129,116,94,79,9.3,14.6,8
84.69999695,84.69999695,230,591,500,233,167,135,124,113,96,80,9.3,14.6,8
84.69999695,84.69999695,194,771,500,233,165,132,123,111,94,76,9.3,14.6,8
84.69999695,84.69999695,187,744,500,233,166,132,123,111,95,75,9.3,14.6,8
84.69999695,84.69999695,198,772,500,234,166,132,122,110,95,76,9.3,14.6,8
84.69999695,84.69999695,148,384,500,233,165,140,124,115,92,78,9.3,14.6,8
84.69999695,84.69999695,254,109,500,234,165,141,126,117,98,82,9.3,14.6,8
84.69999695,84.69999695,210,187,500,233,167,141,125,116,93,80,9.3,14.6,8
84.69999695,84.69999695,210,187,500,234,165,140,125,115,93,79,9.3,14.6,8
84.69999695,84.69999695,464,210,500,204,140,114,112,99,87,73,9.3,14.6,8
84.69999695,84.69999695,469,158,500,204,140,115,112,99,87,72,9.3,14.6,8
84.69999695,84.69999695,525,175,500,204,140,114,112,99,88,74,9.3,14.6,8
84.69999695,84.69999695,416,413,500,204,139,113,108,98,87,75,9.3,14.6,8
84.69999695,84.69999695,269,2659,500,209,142,114,101,95,90,78,9.3,14.6,8
84.69999695,84.69999695,259,2992,500,208,144,114,101,95,91,79,9.3,14.6,8
84.69999695,84.69999695,263,3000,500,209,144,114,100,93,91,78,9.3,14.6,8
84.69999695,84.69999695,247,2835,500,210,145,117,105,97,92,80,9.3,14.6,8
84.69999695,84.69999695,627,340,500,232,144,120,109,103,93,81,9.3,14.6,8
84.69999695,84.69999695,627,340,500,232,145,120,111,103,95,82,9.3,14.6,8
84.69999695,84.69999695,627,340,500,232,144,120,111,102,95,82,9.3,14.6,8
84.69999695,84.69999695,750,262,500,233,144,120,112,104,96,83,9.3,14.6,8
84.69999695,84.69999695,477,521,500,207,140,115,106,100,92,78,9.3,14.6,8
84.69999695,84.69999695,493,575,500,208,140,115,107,101,93,78,9.3,14.6,8
84.69999695,84.69999695,493,575,500,208,140,115,105,101,92,80,9.3,14.6,8
84.69999695,84.69999695,580,402,500,207,140,114,106,101,92,78,9.3,14.6,8
84.69999695,84.69999695,259,177,500,248,180,150,133,125,110,93,9.3,14.6,8
84.69999695,84.69999695,221,297,500,249,181,151,134,125,111,94,9.3,14.6,8
84.69999695,84.69999695,258,201,500,249,181,151,135,126,112,94,9.3,14.6,8
84.69999695,84.69999695,273,166,500,248,181,150,134,125,111,94,9.3,14.6,8
